Row ID,Order ID,Order Month in word,Order Date,Ship Date,Avg Shipping time,Order year,Ship Mode,Customer ID,Customer Name,Segment,Country,City,State,Postal Code,Region,Product ID,Category,Sub-Category,Product Name,Sales
1,ID-2015-445556,Oct,10/23/2015,10/25/2015,2,2015,Second Class,JS-76126,John Smith,Corporate,United States,Memphis,Tennessee,42404,South,OFF-BI-73230063,Office Supplies,Binders,Avery Durable Ring Binders,15
2,VE-2018-938118,Jul,7/27/2018,7/27/2018,0,2018,Same Day,DT-73437,David Taylor,Consumer,United States,Greenville,Wyoming,57438,West,OFF-ST-81682984,Office Supplies,Storage,Plastic Stackable Storage,14
3,MA-2018-234304,Feb,2/26/2018,3/1/2018,3,2018,Standard Class,SM-19430,Susan Martinez,Consumer,United States,Riverside,New Jersey,72619,East,TEC-CO-45314359,Technology,Copiers,Brother Laser Copier,26
4,NE-2017-997361,Nov,11/16/2017,11/21/2017,5,2017,Standard Class,EM-70163,Emily Martinez,Consumer,United States,Greenville,New Mexico,38544,West,OFF-ST-55037782,Office Supplies,Storage,Desktop File Organizer,33
5,RH-2017-441212,Sep,9/16/2017,9/17/2017,1,2017,First Class,SM-51300,Sean Moore,Corporate,United States,Springfield,Utah,52988,West,TEC-CO-26883200,Technology,Copiers,Brother Laser Copier,109
6,MI-2019-683896,Apr,4/24/2019,4/29/2019,5,2019,Standard Class,JM-59230,James Martinez,Corporate,United States,Tacoma,Washington,83538,West,OFF-BI-65692892,Office Supplies,Binders,Cardinal Heavyweight Binders,23
7,MA-2015-971115,Mar,3/10/2015,3/13/2015,3,2015,Second Class,SM-24186,Sarah Moore,Consumer,United States,Tucson,Arizona,77081,West,TEC-CO-84599099,Technology,Copiers,Brother Laser Copier,40
8,MI-2018-151840,Jul,7/26/2018,8/1/2018,6,2018,Standard Class,RG-52707,Robert Gute,Consumer,United States,Greenville,West Virginia,82759,East,FUR-BO-55812201,Furniture,Bookcases,Bush Somerset Collection Bookcase,35
9,MA-2016-930577,May,5/15/2016,5/19/2016,4,2016,Standard Class,LM-35516,Laura Moore,Consumer,United States,Greenville,Montana,98859,West,FUR-CH-42595630,Furniture,Chairs,Global Deluxe Stacking Chair,56
10,MA-2015-611029,Jan,1/4/2015,1/7/2015,3,2015,Second Class,JM-45631,John Martinez,Home Office,United States,Aurora,Colorado,43329,West,TEC-CO-98628266,Technology,Copiers,Brother Laser Copier,40
11,WI-2017-733956,Jan,1/3/2017,1/8/2017,5,2017,Standard Class,WL-46364,William Lee,Consumer,United States,Fairview,Idaho,77237,West,FUR-CH-22688860,Furniture,Chairs,Global Deluxe Stacking Chair,29
12,TE-2019-234265,Nov,11/26/2019,11/30/2019,4,2019,Standard Class,RJ-59035,Robert Jackson,Corporate,United States,Springfield,Nebraska,64250,Central,TEC-PH-46983657,Technology,Phones,Apple iPhone 8,24
13,WE-2018-580048,Oct,10/2/2018,10/5/2018,3,2018,Second Class,JA-79574,John Anderson,Consumer,United States,Riverside,Minnesota,69993,Central,OFF-BI-88603636,Office Supplies,Binders,Basic 3 Ring Binder,24
14,MO-2018-706161,Jan,1/9/2018,1/11/2018,2,2018,Second Class,JG-29605,John Garcia,Consumer,United States,Raleigh,North Carolina,76587,South,TEC-CO-91043266,Technology,Copiers,Canon imageCLASS Copier,107
15,ID-2018-510622,Jul,7/11/2018,7/12/2018,1,2018,First Class,LM-25741,Laura Moore,Corporate,United States,Springfield,Utah,77475,West,TEC-AC-98234388,Technology,Accessories,Logitech Wireless Mouse,56
16,NE-2018-239486,Jun,6/6/2018,6/11/2018,5,2018,Standard Class,EL-93063,Emily Lee,Consumer,United States,Greenville,New Mexico,89716,West,TEC-PH-89636282,Technology,Phones,Cisco Unified IP Phone,34
17,AR-2017-319706,Sep,9/10/2017,9/16/2017,6,2017,Standard Class,SJ-38341,Sean Johnson,Consumer,United States,Greenville,Connecticut,41438,East,OFF-PA-14586132,Office Supplies,Paper,Premium Photo Paper,70
18,NE-2015-868952,Jan,1/23/2015,1/23/2015,0,2015,Same Day,RJ-58294,Robert Johnson,Home Office,United States,Springfield,Iowa,68812,Central,TEC-AC-93678984,Technology,Accessories,USB-C Hub,37
19,TE-2019-131023,Nov,11/1/2019,11/6/2019,5,2019,Standard Class,SM-18915,Sarah Moore,Consumer,United States,Springfield,Idaho,35225,West,FUR-TA-48535046,Furniture,Tables,Adjustable Height Table,93
20,PE-2017-737975,Jun,6/25/2017,7/1/2017,6,2017,Standard Class,WM-91893,William Miller,Consumer,United States,Riverside,New Mexico,63510,West,OFF-ST-68645726,Office Supplies,Storage,Fellowes Bankers Box,77
21,TE-2017-999450,Sep,9/26/2017,9/29/2017,3,2017,Standard Class,DM-81181,Daniel Martinez,Consumer,United States,Riverside,New Hampshire,77605,East,TEC-PH-45484827,Technology,Phones,Apple iPhone 8,55
22,IN-2016-106734,May,5/12/2016,5/17/2016,5,2016,Standard Class,JJ-55914,Jessica Johnson,Consumer,United States,Seattle,Washington,81189,West,TEC-AC-83230126,Technology,Accessories,Noise Cancelling Headphones,22
23,TE-2015-244940,Sep,9/5/2015,9/6/2015,1,2015,First Class,SG-64569,Sarah Gute,Corporate,United States,Riverside,Maine,47810,East,TEC-CO-61832734,Technology,Copiers,Brother Laser Copier,209
24,ID-2019-706729,Mar,3/19/2019,3/22/2019,3,2019,Second Class,KM-33719,Karen Miller,Consumer,United States,Fairview,North Dakota,55784,Central,FUR-BO-86099016,Furniture,Bookcases,Ikea Billy Bookcase,50
25,MI-2018-153991,Sep,9/4/2018,9/7/2018,3,2018,Second Class,KB-36105,Karen Brown,Home Office,United States,Riverside,West Virginia,40046,East,FUR-BO-27439432,Furniture,Bookcases,Ikea Billy Bookcase,33
26,WY-2018-630810,Jul,7/11/2018,7/17/2018,6,2018,Standard Class,DD-54792,Daniel Davis,Corporate,United States,Springfield,Vermont,25213,East,FUR-TA-26648478,Furniture,Tables,Conference Room Table,71
27,NE-2017-715599,Jul,7/28/2017,8/1/2017,4,2017,Standard Class,DM-42391,David Miller,Home Office,United States,Fairview,Rhode Island,33446,East,TEC-PH-49633911,Technology,Phones,Cisco Unified IP Phone,81
28,MA-2019-629331,Jan,1/28/2019,2/2/2019,5,2019,Standard Class,SJ-26709,Sean Jackson,Home Office,United States,Tampa,Florida,92091,South,FUR-CH-10427639,Furniture,Chairs,Ergonomic Mesh Task Chair,87
29,RH-2017-428665,Jun,6/24/2017,6/28/2017,4,2017,Standard Class,LJ-39164,Laura Johnson,Home Office,United States,Springfield,West Virginia,37806,East,FUR-CH-72356765,Furniture,Chairs,Ergonomic Mesh Task Chair,27
30,MA-2017-727553,Jun,6/10/2017,6/16/2017,6,2017,Standard Class,JM-26003,Jessica Moore,Corporate,United States,Chicago,Illinois,97727,Central,TEC-AC-36644835,Technology,Accessories,Logitech Wireless Mouse,64
31,WE-2017-634864,Oct,10/21/2017,10/24/2017,3,2017,Standard Class,SJ-38976,Susan Jackson,Consumer,United States,Augusta,Georgia,31732,South,FUR-BO-60156940,Furniture,Bookcases,Sauder Classic Bookcase,20
32,OH-2016-286873,Feb,2/20/2016,2/24/2016,4,2016,Standard Class,ST-18201,Susan Thomas,Consumer,United States,Fairview,Wyoming,75075,West,TEC-AC-16300320,Technology,Accessories,Logitech Wireless Mouse,79
33,AL-2015-606821,Oct,10/12/2015,10/14/2015,2,2015,Second Class,LJ-87085,Laura Jackson,Corporate,United States,Chandler,Arizona,61650,West,TEC-AC-25357992,Technology,Accessories,Logitech Wireless Mouse,52
34,NE-2017-893715,Dec,12/20/2017,12/23/2017,3,2017,Second Class,MM-48287,Michael Miller,Consumer,United States,Fairview,Vermont,72717,East,FUR-TA-66057324,Furniture,Tables,Bretford CR4500 Series Slim Rectangular Table,47
35,GE-2019-700149,May,5/1/2019,5/4/2019,3,2019,Standard Class,EM-66851,Emily Martin,Corporate,United States,Riverside,New Jersey,67955,East,FUR-BO-37509636,Furniture,Bookcases,Sauder Classic Bookcase,36
36,OK-2015-524611,Sep,9/7/2015,9/11/2015,4,2015,Standard Class,LT-74341,Linda Taylor,Consumer,United States,Springfield,New Mexico,73606,West,FUR-CH-29324974,Furniture,Chairs,"Hon Deluxe Fabric Upholstered Stacking Chairs, Rounded Back",34
37,SO-2019-389425,Oct,10/16/2019,10/19/2019,3,2019,Second Class,SM-14184,Sean Miller,Home Office,United States,Springfield,Idaho,91498,West,TEC-PH-30596184,Technology,Phones,Android Smartphone,31
38,NE-2019-177297,Jun,6/5/2019,6/7/2019,2,2019,Second Class,JJ-99016,Jessica Johnson,Consumer,United States,Chattanooga,Tennessee,60711,South,FUR-BO-29333742,Furniture,Bookcases,Sauder Classic Bookcase,64
39,AL-2016-320164,Sep,9/5/2016,9/6/2016,1,2016,First Class,WM-70086,William Martin,Home Office,United States,Riverside,Wisconsin,16106,Central,FUR-BO-66056584,Furniture,Bookcases,Ikea Billy Bookcase,97
40,IO-2018-110068,Jun,6/26/2018,6/29/2018,3,2018,Standard Class,SG-45636,Sean Gute,Consumer,United States,Greenville,Kansas,34374,Central,TEC-CO-25092209,Technology,Copiers,HP OfficeJet Pro,38
41,MO-2015-987962,Dec,12/28/2015,12/29/2015,1,2015,First Class,EB-57570,Emily Brown,Consumer,United States,Fairview,Idaho,73739,West,TEC-PH-42643571,Technology,Phones,Cisco Unified IP Phone,74
42,LO-2018-300233,Dec,12/17/2018,12/20/2018,3,2018,Standard Class,WS-72531,William Smith,Home Office,United States,Greenville,Maryland,54466,East,FUR-BO-71909817,Furniture,Bookcases,Sauder Classic Bookcase,52
43,ID-2018-833387,Mar,3/26/2018,3/29/2018,3,2018,Standard Class,LL-93872,Linda Lee,Home Office,United States,Riverside,Wisconsin,59369,Central,FUR-CH-56230394,Furniture,Chairs,Ergonomic Mesh Task Chair,40
44,SO-2016-251780,Oct,10/28/2016,11/3/2016,6,2016,Standard Class,EB-18132,Emily Brown,Corporate,United States,Fairview,West Virginia,63691,East,OFF-PA-63755277,Office Supplies,Paper,Recycled Printer Paper,13
45,IO-2015-355240,Aug,8/5/2015,8/10/2015,5,2015,Standard Class,JG-69738,John Garcia,Home Office,United States,Greenville,Kansas,44436,Central,FUR-CH-32581627,Furniture,Chairs,"Hon Deluxe Fabric Upholstered Stacking Chairs, Rounded Back",18
46,SO-2019-476449,Jul,7/14/2019,7/20/2019,6,2019,Standard Class,WJ-48887,William Johnson,Consumer,United States,Greenville,Missouri,79649,Central,TEC-PH-93944337,Technology,Phones,Cisco Unified IP Phone,33
47,ID-2017-391964,Nov,11/12/2017,11/15/2017,3,2017,Standard Class,SS-66616,Sean Smith,Home Office,United States,Greenville,New Hampshire,75117,East,FUR-BO-47249131,Furniture,Bookcases,Bush Somerset Collection Bookcase,11
48,IL-2019-818514,Apr,4/3/2019,4/5/2019,2,2019,Second Class,LW-23048,Linda Wilson,Consumer,United States,San Antonio,Texas,74286,South,TEC-AC-35826753,Technology,Accessories,Noise Cancelling Headphones,123
49,OR-2018-961923,Nov,11/23/2018,11/26/2018,3,2018,Standard Class,LM-74515,Linda Martinez,Corporate,United States,Albany,New York,74377,East,OFF-PA-91389355,Office Supplies,Paper,Hammermill Copy Paper,41
50,IO-2018-887764,Jan,1/14/2018,1/18/2018,4,2018,Standard Class,SW-16872,Susan Wilson,Consumer,United States,Chandler,Arizona,90131,West,TEC-CO-68976064,Technology,Copiers,HP OfficeJet Pro,52
51,GE-2018-238219,Jun,6/15/2018,6/20/2018,5,2018,Standard Class,DJ-91855,Daniel Johnson,Consumer,United States,Greenville,Alabama,63584,South,TEC-PH-65255127,Technology,Phones,Apple iPhone 8,14
52,AR-2015-799019,Dec,12/5/2015,12/11/2015,6,2015,Standard Class,CA-22545,Claire Anderson,Corporate,United States,Salem,Oregon,97035,West,FUR-TA-89806117,Furniture,Tables,Conference Room Table,13
53,CO-2016-233152,Apr,4/6/2016,4/10/2016,4,2016,Standard Class,DG-97072,Daniel Garcia,Corporate,United States,Pittsburgh,Pennsylvania,20727,East,FUR-BO-15268625,Furniture,Bookcases,Bush Somerset Collection Bookcase,40
54,CO-2017-922042,Mar,3/28/2017,4/3/2017,6,2017,Standard Class,DB-17860,Daniel Brown,Consumer,United States,Greenville,Utah,66875,West,OFF-ST-85391155,Office Supplies,Storage,Plastic Stackable Storage,108
55,OK-2017-566090,Dec,12/2/2017,12/7/2017,5,2017,Standard Class,JG-14725,Jessica Garcia,Home Office,United States,Fairview,Alaska,74522,West,TEC-AC-71007792,Technology,Accessories,Logitech Wireless Mouse,35
56,NE-2015-402742,Aug,8/7/2015,8/9/2015,2,2015,Second Class,JJ-31080,Jessica Johnson,Corporate,United States,Springfield,Maine,52949,East,OFF-BI-42399351,Office Supplies,Binders,Cardinal Heavyweight Binders,56
57,KA-2017-241322,Mar,3/9/2017,3/10/2017,1,2017,First Class,CB-29644,Claire Brown,Consumer,United States,Fairview,Idaho,35938,West,OFF-BI-33071620,Office Supplies,Binders,Basic 3 Ring Binder,25
58,WE-2015-110628,Mar,3/15/2015,3/21/2015,6,2015,Standard Class,SD-29811,Sean Davis,Corporate,United States,Greenville,Connecticut,59502,East,OFF-BI-19432530,Office Supplies,Binders,Basic 3 Ring Binder,34
59,NE-2018-323152,Dec,12/18/2018,12/20/2018,2,2018,Second Class,WG-15691,William Garcia,Consumer,United States,Atlanta,Georgia,42826,South,FUR-TA-94696674,Furniture,Tables,Adjustable Height Table,82
60,MI-2018-922617,Sep,9/15/2018,9/16/2018,1,2018,First Class,LG-99662,Linda Garcia,Consumer,United States,Springfield,Idaho,91820,West,TEC-PH-22772089,Technology,Phones,Cisco Unified IP Phone,43
61,MO-2019-817535,Jan,1/3/2019,1/3/2019,0,2019,Same Day,JM-58845,James Martin,Corporate,United States,Savannah,Georgia,42110,South,FUR-TA-33349467,Furniture,Tables,Conference Room Table,26
62,IO-2018-972813,Apr,4/8/2018,4/10/2018,2,2018,Second Class,JT-17261,John Thomas,Consumer,United States,Fairview,Maine,25813,East,FUR-TA-72199645,Furniture,Tables,Conference Room Table,93
63,AL-2016-190685,Nov,11/26/2016,11/27/2016,1,2016,First Class,LB-10667,Laura Brown,Consumer,United States,Greenville,Michigan,61874,Central,TEC-CO-73913718,Technology,Copiers,Canon imageCLASS Copier,54
64,SO-2019-632960,Nov,11/20/2019,11/21/2019,1,2019,First Class,SJ-11271,Susan Johnson,Corporate,United States,Fairview,Vermont,45638,East,OFF-PA-24469183,Office Supplies,Paper,Recycled Printer Paper,64
65,UT-2017-331435,Jul,7/20/2017,7/23/2017,3,2017,Second Class,DM-86201,Daniel Miller,Consumer,United States,Riverside,New Jersey,18630,East,FUR-CH-83271803,Furniture,Chairs,"Hon Deluxe Fabric Upholstered Stacking Chairs, Rounded Back",26
66,GE-2016-588646,May,5/21/2016,5/27/2016,6,2016,Standard Class,KT-40569,Karen Thomas,Home Office,United States,Greenville,Utah,60835,West,TEC-PH-55925853,Technology,Phones,Apple iPhone 8,123
67,MA-2019-388409,Oct,10/23/2019,10/26/2019,3,2019,Standard Class,WS-68128,William Smith,Corporate,United States,Springfield,Michigan,58405,Central,OFF-ST-86361100,Office Supplies,Storage,Fellowes Bankers Box,39
68,LO-2016-355118,Aug,8/2/2016,8/8/2016,6,2016,Standard Class,SL-42140,Sarah Lee,Consumer,United States,Greenville,Alabama,25587,South,TEC-AC-17855684,Technology,Accessories,Logitech Wireless Mouse,69
69,WY-2015-616460,Sep,9/11/2015,9/17/2015,6,2015,Standard Class,LM-47173,Linda Moore,Corporate,United States,Riverside,West Virginia,63786,East,OFF-BI-13854699,Office Supplies,Binders,Cardinal Heavyweight Binders,36
70,SO-2017-264986,Sep,9/17/2017,9/23/2017,6,2017,Standard Class,SL-58454,Susan Lee,Consumer,United States,Greenville,Michigan,61061,Central,OFF-BI-67329133,Office Supplies,Binders,Cardinal Heavyweight Binders,24
71,NE-2018-522219,Nov,11/11/2018,11/15/2018,4,2018,Standard Class,JS-15924,Jessica Smith,Corporate,United States,Riverside,Minnesota,79624,Central,FUR-CH-23502141,Furniture,Chairs,Ergonomic Mesh Task Chair,40
72,NE-2015-685730,Dec,12/26/2015,12/29/2015,3,2015,Second Class,KT-23721,Karen Taylor,Consumer,United States,Greenville,District of Columbia,42540,East,OFF-PA-57245413,Office Supplies,Paper,Recycled Printer Paper,25
73,HA-2017-215363,Apr,4/15/2017,4/18/2017,3,2017,Second Class,JS-31791,John Smith,Home Office,United States,Riverside,Idaho,32388,West,TEC-PH-11269788,Technology,Phones,Cisco Unified IP Phone,94
74,NE-2015-937533,Jul,7/24/2015,7/25/2015,1,2015,First Class,JL-33740,Jessica Lee,Consumer,United States,Greenville,Virginia,95608,East,FUR-TA-80193632,Furniture,Tables,Bretford CR4500 Series Slim Rectangular Table,35
75,GE-2018-555151,Sep,9/26/2018,10/1/2018,5,2018,Standard Class,LS-27035,Linda Smith,Corporate,United States,Memphis,Tennessee,60509,South,TEC-PH-90957714,Technology,Phones,Apple iPhone 8,22
76,MA-2017-837574,May,5/16/2017,5/21/2017,5,2017,Standard Class,JM-13870,James Martinez,Consumer,United States,Greenville,New Jersey,12442,East,TEC-AC-85499447,Technology,Accessories,Logitech Wireless Mouse,19
77,CO-2016-688514,Jun,6/28/2016,7/1/2016,3,2016,Second Class,JW-32786,John Wilson,Consumer,United States,Knoxville,Tennessee,83863,South,OFF-PA-96251752,Office Supplies,Paper,Recycled Printer Paper,12
78,MI-2016-739000,Apr,4/18/2016,4/19/2016,1,2016,First Class,RA-32554,Robert Anderson,Consumer,United States,Greenville,Kentucky,27708,South,OFF-BI-45266382,Office Supplies,Binders,Basic 3 Ring Binder,48
79,AL-2017-744517,Feb,2/24/2017,2/24/2017,0,2017,Same Day,DG-96710,David Garcia,Corporate,United States,Greenville,Hawaii,80742,West,OFF-BI-71708829,Office Supplies,Binders,Basic 3 Ring Binder,17
80,WI-2018-887589,May,5/11/2018,5/12/2018,1,2018,First Class,SB-74913,Sean Brown,Home Office,United States,Columbus,Ohio,73463,Central,OFF-BI-23239017,Office Supplies,Binders,Cardinal Heavyweight Binders,40
81,WY-2019-652244,Jul,7/15/2019,7/16/2019,1,2019,First Class,JJ-98221,James Johnson,Consumer,United States,Riverside,North Dakota,97192,Central,TEC-CO-50763403,Technology,Copiers,Canon imageCLASS Copier,58
82,LO-2017-350395,Nov,11/16/2017,11/21/2017,5,2017,Standard Class,SD-38338,Susan Davis,Consumer,United States,Springfield,Virginia,96901,East,TEC-CO-45920398,Technology,Copiers,Brother Laser Copier,51
83,SO-2015-189558,Jul,7/4/2015,7/9/2015,5,2015,Standard Class,JJ-75928,John Jackson,Consumer,United States,Riverside,Kansas,34696,Central,TEC-CO-64261341,Technology,Copiers,HP OfficeJet Pro,69
84,NE-2019-645624,Jan,1/12/2019,1/17/2019,5,2019,Standard Class,DL-95219,David Lee,Consumer,United States,Fairview,Alabama,78979,South,TEC-PH-77998080,Technology,Phones,Android Smartphone,58
85,CO-2018-159717,Dec,12/28/2018,12/30/2018,2,2018,Second Class,JA-72794,John Anderson,Home Office,United States,Greenville,Wisconsin,38516,Central,FUR-CH-83393728,Furniture,Chairs,Ergonomic Mesh Task Chair,8
86,NO-2018-317163,Aug,8/19/2018,8/20/2018,1,2018,First Class,DW-53202,Daniel Wilson,Home Office,United States,Greenville,Louisiana,66627,South,TEC-CO-69501919,Technology,Copiers,Brother Laser Copier,44
87,VI-2015-154636,May,5/6/2015,5/9/2015,3,2015,Standard Class,DJ-45079,Daniel Jackson,Home Office,United States,Springfield,Oklahoma,63796,South,TEC-CO-86147846,Technology,Copiers,Brother Laser Copier,68
88,NO-2016-593998,Jan,1/11/2016,1/14/2016,3,2016,Second Class,RS-41955,Robert Smith,Consumer,United States,Greenville,Arkansas,14908,South,OFF-ST-52948581,Office Supplies,Storage,Desktop File Organizer,89
89,GE-2018-244304,Apr,4/6/2018,4/12/2018,6,2018,Standard Class,DA-29002,David Anderson,Consumer,United States,Springfield,Kentucky,10466,South,TEC-AC-26694757,Technology,Accessories,Noise Cancelling Headphones,146
90,NE-2019-649365,Apr,4/1/2019,4/6/2019,5,2019,Standard Class,RT-21161,Robert Taylor,Corporate,United States,Riverside,Alaska,15198,West,OFF-ST-83415372,Office Supplies,Storage,Fellowes Bankers Box,15
91,MI-2017-811777,Aug,8/28/2017,8/31/2017,3,2017,Standard Class,CD-69088,Claire Davis,Consumer,United States,Bellevue,Washington,21514,West,TEC-CO-34040599,Technology,Copiers,Brother Laser Copier,43
92,GE-2019-839691,Sep,9/14/2019,9/20/2019,6,2019,Standard Class,EM-86214,Emily Moore,Corporate,United States,Springfield,Montana,33188,West,FUR-BO-40002423,Furniture,Bookcases,Ikea Billy Bookcase,16
93,MO-2019-378588,Jun,6/10/2019,6/11/2019,1,2019,First Class,RD-13754,Robert Davis,Consumer,United States,Greenville,Hawaii,91625,West,TEC-AC-57144674,Technology,Accessories,Noise Cancelling Headphones,132
94,AL-2016-594058,Feb,2/17/2016,2/20/2016,3,2016,Standard Class,LJ-49814,Laura Jackson,Consumer,United States,Fairview,Kansas,56676,Central,FUR-BO-20742635,Furniture,Bookcases,Sauder Classic Bookcase,73
95,TE-2019-606709,Jul,7/1/2019,7/2/2019,1,2019,First Class,RT-72582,Robert Taylor,Home Office,United States,Greenville,West Virginia,81719,East,OFF-BI-40846066,Office Supplies,Binders,Avery Durable Ring Binders,41
96,CA-2016-525597,May,5/9/2016,5/11/2016,2,2016,Second Class,WA-93217,William Anderson,Consumer,United States,Springfield,Connecticut,85447,East,FUR-CH-54472975,Furniture,Chairs,"Hon Deluxe Fabric Upholstered Stacking Chairs, Rounded Back",44
97,LO-2016-689601,Mar,3/22/2016,3/26/2016,4,2016,Standard Class,DG-57083,David Garcia,Home Office,United States,Bellevue,Washington,76144,West,OFF-PA-27937709,Office Supplies,Paper,Hammermill Copy Paper,76
98,ID-2018-289078,Jul,7/20/2018,7/23/2018,3,2018,Standard Class,MA-31733,Michael Anderson,Consumer,United States,Riverside,Missouri,45224,Central,FUR-TA-69798188,Furniture,Tables,Bretford CR4500 Series Slim Rectangular Table,82
99,KE-2018-981317,Sep,9/28/2018,9/29/2018,1,2018,First Class,EL-40178,Emily Lee,Consumer,United States,Greenville,Delaware,87746,East,TEC-CO-99684849,Technology,Copiers,Brother Laser Copier,106
100,NO-2015-188271,Oct,10/19/2015,10/25/2015,6,2015,Standard Class,EM-74576,Emily Miller,Consumer,United States,Riverside,North Dakota,76783,Central,OFF-ST-13464828,Office Supplies,Storage,Fellowes Bankers Box,44
101,WI-2019-846298,Nov,11/15/2019,11/16/2019,1,2019,First Class,KM-26279,Karen Martin,Consumer,United States,Fairview,Utah,76882,West,TEC-CO-95546931,Technology,Copiers,Canon imageCLASS Copier,43
102,MI-2015-634685,Dec,12/23/2015,12/28/2015,5,2015,Standard Class,DS-59244,Daniel Smith,Corporate,United States,Boston,Massachusetts,91140,East,FUR-TA-46032241,Furniture,Tables,Conference Room Table,63
103,CO-2019-320369,Aug,8/28/2019,8/30/2019,2,2019,Second Class,KG-68923,Karen Garcia,Consumer,United States,San Diego,California,63879,West,FUR-BO-82108307,Furniture,Bookcases,Bush Somerset Collection Bookcase,65
104,PE-2015-771106,Jul,7/22/2015,7/23/2015,1,2015,First Class,LB-86468,Laura Brown,Corporate,United States,Philadelphia,Pennsylvania,57571,East,TEC-PH-11856482,Technology,Phones,Android Smartphone,47
105,NE-2018-176032,Apr,4/28/2018,5/3/2018,5,2018,Standard Class,WL-37960,William Lee,Home Office,United States,Atlanta,Georgia,90113,South,TEC-PH-47069350,Technology,Phones,Apple iPhone 8,43
106,MA-2018-796975,Aug,8/24/2018,8/27/2018,3,2018,Standard Class,LM-45559,Linda Miller,Consumer,United States,Riverside,Virginia,50901,East,OFF-PA-29650165,Office Supplies,Paper,Premium Photo Paper,65
107,IO-2018-630986,Jun,6/27/2018,6/27/2018,0,2018,Same Day,JT-53730,John Taylor,Consumer,United States,Greenville,Vermont,83040,East,TEC-AC-46396552,Technology,Accessories,USB-C Hub,144
108,IL-2018-199675,Jan,1/4/2018,1/8/2018,4,2018,Standard Class,LT-73328,Linda Thomas,Consumer,United States,New York City,New York,14846,East,TEC-AC-23344434,Technology,Accessories,USB-C Hub,34
109,NE-2017-171554,Jul,7/22/2017,7/27/2017,5,2017,Standard Class,DS-50414,David Smith,Corporate,United States,Buffalo,New York,10116,East,OFF-ST-37913910,Office Supplies,Storage,Fellowes Bankers Box,28
110,NO-2018-775751,Oct,10/14/2018,10/18/2018,4,2018,Standard Class,JJ-20689,Jessica Johnson,Corporate,United States,Riverside,Missouri,57545,Central,TEC-CO-60119743,Technology,Copiers,HP OfficeJet Pro,65
111,NE-2016-363642,Aug,8/17/2016,8/23/2016,6,2016,Standard Class,WT-69118,William Taylor,Consumer,United States,Riverside,South Carolina,16624,South,TEC-PH-17756960,Technology,Phones,Cisco Unified IP Phone,71
112,NE-2018-900370,Dec,12/20/2018,12/22/2018,2,2018,Second Class,MT-72568,Michael Thomas,Corporate,United States,Greenville,North Dakota,97887,Central,TEC-PH-19097025,Technology,Phones,Apple iPhone 8,39
113,RH-2017-785864,Jun,6/28/2017,6/30/2017,2,2017,Second Class,LJ-89400,Laura Jackson,Consumer,United States,Riverside,South Dakota,10495,Central,OFF-BI-30023055,Office Supplies,Binders,Avery Durable Ring Binders,103
114,VE-2017-728370,Feb,2/28/2017,3/5/2017,5,2017,Standard Class,WT-45356,William Taylor,Consumer,United States,Fairview,Rhode Island,74632,East,FUR-BO-62765907,Furniture,Bookcases,Bush Somerset Collection Bookcase,51
115,WE-2017-350745,Feb,2/9/2017,2/10/2017,1,2017,First Class,JA-64196,John Anderson,Consumer,United States,Riverside,Utah,31904,West,FUR-TA-56132247,Furniture,Tables,Bretford CR4500 Series Slim Rectangular Table,55
116,TE-2017-738049,Oct,10/23/2017,10/29/2017,6,2017,Standard Class,JM-25733,John Martin,Home Office,United States,Greenville,Nebraska,97078,Central,TEC-PH-73888412,Technology,Phones,Android Smartphone,152
117,TE-2015-953331,Dec,12/23/2015,12/27/2015,4,2015,Standard Class,SG-83280,Sean Gute,Consumer,United States,Riverside,Arkansas,44338,South,FUR-TA-39791992,Furniture,Tables,Adjustable Height Table,30
118,HA-2015-182403,Aug,8/11/2015,8/13/2015,2,2015,Second Class,JD-68428,John Davis,Consumer,United States,Riverside,West Virginia,12455,East,OFF-ST-66302467,Office Supplies,Storage,Fellowes Bankers Box,31
119,OH-2016-393546,Jan,1/4/2016,1/4/2016,0,2016,Same Day,JW-15260,John Wilson,Consumer,United States,Mesa,Arizona,12424,West,OFF-ST-27575872,Office Supplies,Storage,Desktop File Organizer,16
120,VE-2015-311204,Apr,4/2/2015,4/8/2015,6,2015,Standard Class,WJ-50561,William Jackson,Corporate,United States,Springfield,Nebraska,59803,Central,OFF-ST-33726494,Office Supplies,Storage,Fellowes Bankers Box,30
121,MA-2017-453924,Jul,7/24/2017,7/28/2017,4,2017,Standard Class,WB-40130,William Brown,Consumer,United States,Riverside,Alabama,98803,South,FUR-TA-95266727,Furniture,Tables,Conference Room Table,16
122,MA-2018-768098,Dec,12/15/2018,12/18/2018,3,2018,Standard Class,ML-75633,Michael Lee,Consumer,United States,Riverside,Alaska,98178,West,FUR-BO-47186251,Furniture,Bookcases,Ikea Billy Bookcase,62
123,MI-2018-526817,Nov,11/28/2018,11/29/2018,1,2018,First Class,SL-52115,Sean Lee,Consumer,United States,Greenville,Wyoming,40354,West,OFF-BI-32048883,Office Supplies,Binders,Basic 3 Ring Binder,43
124,UT-2017-613656,Nov,11/14/2017,11/19/2017,5,2017,Standard Class,RJ-93089,Robert Jackson,Corporate,United States,Greenville,South Dakota,53442,Central,TEC-AC-53839741,Technology,Accessories,Logitech Wireless Mouse,45
125,WY-2019-382739,Apr,4/28/2019,5/2/2019,4,2019,Standard Class,MM-12011,Michael Martinez,Consumer,United States,Riverside,New Jersey,19040,East,TEC-PH-44831428,Technology,Phones,Cisco Unified IP Phone,50
126,NE-2017-227160,Mar,3/13/2017,3/16/2017,3,2017,Second Class,JS-16592,Jessica Smith,Home Office,United States,Springfield,Nebraska,56995,Central,TEC-CO-75657612,Technology,Copiers,Canon imageCLASS Copier,84
127,DI-2015-340240,Jan,1/24/2015,1/28/2015,4,2015,Standard Class,DS-52963,Daniel Smith,Consumer,United States,Fairview,Kansas,63972,Central,FUR-TA-96590448,Furniture,Tables,Adjustable Height Table,20
128,KE-2018-873711,Aug,8/3/2018,8/8/2018,5,2018,Standard Class,ST-78832,Sean Thomas,Consumer,United States,New York City,New York,32595,East,TEC-AC-63256367,Technology,Accessories,Noise Cancelling Headphones,60
129,WA-2017-642174,Mar,3/17/2017,3/22/2017,5,2017,Standard Class,JM-49311,Jessica Moore,Home Office,United States,San Diego,California,65089,West,FUR-BO-63203246,Furniture,Bookcases,Bush Somerset Collection Bookcase,60
130,MI-2018-440189,Jul,7/25/2018,7/28/2018,3,2018,Standard Class,WS-29734,William Smith,Home Office,United States,Greenville,Indiana,90971,Central,TEC-PH-42835046,Technology,Phones,Apple iPhone 8,18
131,CO-2017-810914,Apr,4/28/2017,5/2/2017,4,2017,Standard Class,SB-29290,Susan Brown,Consumer,United States,Greenville,Maine,10085,East,FUR-CH-60816783,Furniture,Chairs,"Hon Deluxe Fabric Upholstered Stacking Chairs, Rounded Back",60
132,DI-2017-158011,Jun,6/25/2017,6/26/2017,1,2017,First Class,JS-65961,Jessica Smith,Home Office,United States,Riverside,Kentucky,30603,South,TEC-AC-38739597,Technology,Accessories,Logitech Wireless Mouse,19
133,DE-2015-328501,Mar,3/2/2015,3/4/2015,2,2015,Second Class,EA-56162,Emily Anderson,Corporate,United States,Fairview,Delaware,28892,East,OFF-PA-10098286,Office Supplies,Paper,Hammermill Copy Paper,31
134,DI-2017-307092,Jan,1/12/2017,1/15/2017,3,2017,Second Class,JG-36553,James Garcia,Consumer,United States,Fairview,Hawaii,21149,West,TEC-PH-87948654,Technology,Phones,Cisco Unified IP Phone,26
135,MO-2018-986827,Dec,12/2/2018,12/2/2018,0,2018,Same Day,JA-49531,Jessica Anderson,Home Office,United States,Riverside,Kentucky,24948,South,TEC-PH-48649967,Technology,Phones,Android Smartphone,125
136,ID-2016-735488,May,5/4/2016,5/10/2016,6,2016,Standard Class,RG-37525,Robert Garcia,Corporate,United States,Riverside,South Dakota,66331,Central,FUR-BO-54287963,Furniture,Bookcases,Sauder Classic Bookcase,20
137,NE-2018-656006,Dec,12/21/2018,12/27/2018,6,2018,Standard Class,EJ-70779,Emily Jackson,Consumer,United States,Springfield,Wisconsin,19242,Central,TEC-CO-17515082,Technology,Copiers,Brother Laser Copier,20
138,AL-2015-104486,Oct,10/22/2015,10/23/2015,1,2015,First Class,SM-74079,Sean Martin,Corporate,United States,Jacksonville,Florida,76467,South,FUR-CH-85339945,Furniture,Chairs,Ergonomic Mesh Task Chair,43
139,MA-2016-265878,Aug,8/24/2016,8/28/2016,4,2016,Standard Class,CT-63065,Claire Thomas,Consumer,United States,Dallas,Texas,89831,South,OFF-ST-25330336,Office Supplies,Storage,Fellowes Bankers Box,26
140,OH-2017-671986,Jan,1/26/2017,1/28/2017,2,2017,Second Class,JG-56671,James Garcia,Consumer,United States,Nashville,Tennessee,93391,South,FUR-BO-46955903,Furniture,Bookcases,Bush Somerset Collection Bookcase,16
141,MI-2019-441747,Sep,9/23/2019,9/26/2019,3,2019,Second Class,EB-65612,Emily Brown,Home Office,United States,Springfield,Oklahoma,69415,South,OFF-ST-85623898,Office Supplies,Storage,Plastic Stackable Storage,45
142,HA-2016-931851,May,5/25/2016,5/30/2016,5,2016,Standard Class,LJ-79372,Laura Jackson,Corporate,United States,Springfield,Maine,27765,East,TEC-AC-51200464,Technology,Accessories,Noise Cancelling Headphones,16
143,MI-2016-788251,May,5/2/2016,5/8/2016,6,2016,Standard Class,JM-40564,Jessica Martinez,Corporate,United States,Fairview,Nevada,17676,West,OFF-BI-93803709,Office Supplies,Binders,Basic 3 Ring Binder,18
144,VE-2017-502645,Nov,11/8/2017,11/11/2017,3,2017,Standard Class,DB-34108,David Brown,Corporate,United States,Fairview,Michigan,30882,Central,TEC-PH-28838287,Technology,Phones,Android Smartphone,38
145,DI-2019-774562,Feb,2/18/2019,2/21/2019,3,2019,Standard Class,LW-41879,Laura Wilson,Corporate,United States,Houston,Texas,96575,South,TEC-PH-74370953,Technology,Phones,Apple iPhone 8,86
146,NE-2019-977862,Mar,3/26/2019,3/30/2019,4,2019,Standard Class,LM-38618,Laura Martin,Consumer,United States,Greenville,South Carolina,96610,South,FUR-TA-98019866,Furniture,Tables,Bretford CR4500 Series Slim Rectangular Table,86
147,WY-2015-514882,Jun,6/1/2015,6/5/2015,4,2015,Standard Class,RG-73147,Robert Garcia,Home Office,United States,Springfield,Missouri,44372,Central,FUR-TA-59465226,Furniture,Tables,Adjustable Height Table,77
148,NE-2016-678272,Dec,12/16/2016,12/18/2016,2,2016,Second Class,LM-81838,Linda Martinez,Corporate,United States,Fairview,Indiana,39320,Central,OFF-PA-72296550,Office Supplies,Paper,Recycled Printer Paper,30
149,MI-2019-926797,Apr,4/21/2019,4/22/2019,1,2019,First Class,JJ-46412,Jessica Jackson,Corporate,United States,Cleveland,Ohio,55900,Central,TEC-CO-45390398,Technology,Copiers,Canon imageCLASS Copier,12
150,OK-2015-323806,Jul,7/1/2015,7/2/2015,1,2015,First Class,JD-99684,John Davis,Consumer,United States,Fairview,Utah,36251,West,OFF-BI-77620359,Office Supplies,Binders,Cardinal Heavyweight Binders,42
151,NE-2019-897901,Oct,10/13/2019,10/19/2019,6,2019,Standard Class,JS-13680,Jessica Smith,Consumer,United States,Bellevue,Washington,98168,West,TEC-CO-91798664,Technology,Copiers,Brother Laser Copier,128
152,RH-2016-187790,Sep,9/27/2016,9/30/2016,3,2016,Standard Class,RT-53134,Robert Taylor,Consumer,United States,San Francisco,California,29909,West,TEC-PH-73275000,Technology,Phones,Android Smartphone,111
153,LO-2019-683602,Aug,8/21/2019,8/27/2019,6,2019,Standard Class,RT-56470,Robert Taylor,Consumer,United States,Riverside,Alabama,43222,South,TEC-PH-94233583,Technology,Phones,Android Smartphone,70
154,OR-2016-804553,Apr,4/8/2016,4/13/2016,5,2016,Standard Class,JA-75801,James Anderson,Consumer,United States,Greenville,Oklahoma,48642,South,FUR-BO-62978738,Furniture,Bookcases,Bush Somerset Collection Bookcase,19
155,MI-2017-653144,May,5/26/2017,5/27/2017,1,2017,First Class,DA-14505,David Anderson,Corporate,United States,New York City,New York,21255,East,FUR-BO-61942369,Furniture,Bookcases,Bush Somerset Collection Bookcase,29
156,TE-2018-545980,Jul,7/11/2018,7/16/2018,5,2018,Standard Class,JS-55928,John Smith,Home Office,United States,Springfield,New Hampshire,44453,East,OFF-BI-37416464,Office Supplies,Binders,Cardinal Heavyweight Binders,106
157,CO-2015-655611,Oct,10/26/2015,10/31/2015,5,2015,Standard Class,WM-40945,William Martinez,Consumer,United States,Fairview,Rhode Island,87104,East,TEC-CO-73866473,Technology,Copiers,Canon imageCLASS Copier,23
158,NE-2017-236497,Nov,11/9/2017,11/10/2017,1,2017,First Class,CM-55273,Claire Miller,Consumer,United States,Greenville,Hawaii,22632,West,OFF-ST-89375726,Office Supplies,Storage,Fellowes Bankers Box,17
159,KE-2017-294013,Sep,9/18/2017,9/21/2017,3,2017,Standard Class,SM-78281,Sean Moore,Corporate,United States,Greenville,New Hampshire,62561,East,FUR-BO-68168459,Furniture,Bookcases,Ikea Billy Bookcase,70
160,VI-2018-342909,Jun,6/12/2018,6/17/2018,5,2018,Standard Class,SS-81612,Sarah Smith,Consumer,United States,Fairview,Maryland,46596,East,FUR-CH-30973529,Furniture,Chairs,Global Deluxe Stacking Chair,31
161,AL-2019-638000,Feb,2/8/2019,2/11/2019,3,2019,Standard Class,DD-10037,Daniel Davis,Home Office,United States,Fairview,Kansas,25348,Central,FUR-CH-58969819,Furniture,Chairs,Global Deluxe Stacking Chair,20
162,OK-2018-497710,Jul,7/27/2018,7/30/2018,3,2018,Second Class,RT-13013,Robert Taylor,Consumer,United States,Greenville,North Dakota,11110,Central,OFF-ST-78034366,Office Supplies,Storage,Plastic Stackable Storage,83
163,MO-2017-320028,Nov,11/6/2017,11/9/2017,3,2017,Second Class,CD-56041,Claire Davis,Consumer,United States,Springfield,Utah,34600,West,OFF-BI-94542697,Office Supplies,Binders,Basic 3 Ring Binder,44
164,WY-2017-894527,Sep,9/3/2017,9/8/2017,5,2017,Standard Class,KD-32968,Karen Davis,Consumer,United States,Springfield,Connecticut,15564,East,OFF-BI-24093644,Office Supplies,Binders,Cardinal Heavyweight Binders,26
165,NE-2017-436529,Sep,9/11/2017,9/12/2017,1,2017,First Class,CG-18892,Claire Gute,Home Office,United States,Fairview,South Carolina,43908,South,FUR-BO-21474738,Furniture,Bookcases,Bush Somerset Collection Bookcase,20
166,NE-2019-501428,Jun,6/22/2019,6/23/2019,1,2019,First Class,ST-49157,Sarah Taylor,Consumer,United States,Nashville,Tennessee,82918,South,OFF-PA-47164917,Office Supplies,Paper,Hammermill Copy Paper,113
167,AL-2016-468730,Jun,6/25/2016,6/26/2016,1,2016,First Class,SD-98706,Sean Davis,Corporate,United States,Greenville,Oklahoma,74770,South,TEC-AC-21305005,Technology,Accessories,Noise Cancelling Headphones,52
168,IO-2015-263748,Jul,7/28/2015,8/1/2015,4,2015,Standard Class,SG-58404,Susan Garcia,Consumer,United States,Riverside,South Dakota,95263,Central,FUR-TA-98238601,Furniture,Tables,Conference Room Table,92
169,MO-2016-758463,Aug,8/9/2016,8/13/2016,4,2016,Standard Class,EG-52456,Emily Garcia,Consumer,United States,Spokane,Washington,48430,West,FUR-BO-48187392,Furniture,Bookcases,Bush Somerset Collection Bookcase,68
170,NE-2015-503611,Oct,10/13/2015,10/14/2015,1,2015,First Class,KT-62277,Karen Thomas,Home Office,United States,Charlotte,North Carolina,73701,South,FUR-CH-58024946,Furniture,Chairs,Ergonomic Mesh Task Chair,29
171,NE-2015-114631,Jul,7/5/2015,7/9/2015,4,2015,Standard Class,CG-46962,Claire Gute,Consumer,United States,Springfield,South Dakota,69880,Central,TEC-CO-30437900,Technology,Copiers,HP OfficeJet Pro,39
172,IL-2015-967611,Feb,2/17/2015,2/19/2015,2,2015,Second Class,JG-16397,James Gute,Consumer,United States,Greenville,Mississippi,29533,South,OFF-BI-50421350,Office Supplies,Binders,Avery Durable Ring Binders,79
173,NE-2018-834186,Mar,3/28/2018,3/31/2018,3,2018,Second Class,DG-30756,Daniel Garcia,Corporate,United States,Riverside,Alabama,37322,South,TEC-AC-98622453,Technology,Accessories,Logitech Wireless Mouse,127
174,IL-2018-751202,Nov,11/22/2018,11/25/2018,3,2018,Standard Class,SA-57139,Susan Anderson,Home Office,United States,Fairview,Hawaii,57684,West,FUR-BO-53981843,Furniture,Bookcases,Ikea Billy Bookcase,13
175,AR-2018-882181,Sep,9/18/2018,9/20/2018,2,2018,Second Class,DL-57372,Daniel Lee,Consumer,United States,Seattle,Washington,81698,West,TEC-PH-10794153,Technology,Phones,Android Smartphone,74
176,WA-2017-916125,Jan,1/12/2017,1/13/2017,1,2017,First Class,LB-45671,Laura Brown,Consumer,United States,Fairview,Iowa,51562,Central,TEC-AC-31827477,Technology,Accessories,Logitech Wireless Mouse,49
177,IO-2018-403740,Jun,6/28/2018,7/1/2018,3,2018,Second Class,WA-12925,William Anderson,Home Office,United States,Greenville,Connecticut,30496,East,OFF-PA-98060933,Office Supplies,Paper,Recycled Printer Paper,18
178,WA-2015-649862,Mar,3/15/2015,3/18/2015,3,2015,Standard Class,ST-11746,Susan Thomas,Corporate,United States,Eugene,Oregon,99410,West,OFF-ST-99016075,Office Supplies,Storage,Desktop File Organizer,39
179,AR-2019-647926,May,5/5/2019,5/6/2019,1,2019,First Class,LD-45882,Linda Davis,Home Office,United States,Buffalo,New York,20401,East,OFF-ST-28944377,Office Supplies,Storage,Plastic Stackable Storage,15
180,TE-2017-340569,Feb,2/11/2017,2/17/2017,6,2017,Standard Class,RA-51358,Robert Anderson,Corporate,United States,Fairview,South Carolina,96029,South,TEC-PH-65373767,Technology,Phones,Apple iPhone 8,40
181,HA-2019-299756,Jan,1/3/2019,1/5/2019,2,2019,Second Class,JM-28031,James Martin,Corporate,United States,Greenville,Delaware,82813,East,FUR-TA-16921749,Furniture,Tables,Adjustable Height Table,25
182,AL-2015-202516,May,5/7/2015,5/8/2015,1,2015,First Class,SL-99609,Sarah Lee,Consumer,United States,Buffalo,New York,85499,East,OFF-ST-61969747,Office Supplies,Storage,Desktop File Organizer,25
183,HA-2017-693382,Jul,7/1/2017,7/3/2017,2,2017,Second Class,ML-74280,Michael Lee,Consumer,United States,Fairview,Iowa,81541,Central,TEC-PH-21332862,Technology,Phones,Android Smartphone,51
184,MA-2018-802826,Apr,4/14/2018,4/19/2018,5,2018,Standard Class,DS-59999,David Smith,Corporate,United States,Greenville,Iowa,28735,Central,OFF-PA-83679536,Office Supplies,Paper,Premium Photo Paper,18
185,AR-2017-784856,Dec,12/20/2017,12/25/2017,5,2017,Standard Class,EW-60105,Emily Wilson,Corporate,United States,Greenville,New Jersey,66931,East,TEC-CO-94561747,Technology,Copiers,Canon imageCLASS Copier,136
186,IL-2017-384647,Nov,11/11/2017,11/16/2017,5,2017,Standard Class,LJ-68858,Linda Jackson,Home Office,United States,Riverside,Kentucky,78106,South,FUR-CH-25568812,Furniture,Chairs,Ergonomic Mesh Task Chair,53
187,GE-2015-284733,Jun,6/13/2015,6/19/2015,6,2015,Standard Class,DJ-26513,Daniel Jackson,Corporate,United States,Columbus,Ohio,77110,Central,OFF-ST-51644094,Office Supplies,Storage,Fellowes Bankers Box,97
188,CO-2016-508252,Nov,11/28/2016,12/2/2016,4,2016,Standard Class,ST-21464,Sarah Taylor,Consumer,United States,Springfield,Wyoming,34440,West,FUR-TA-19183869,Furniture,Tables,Bretford CR4500 Series Slim Rectangular Table,36
189,NO-2016-592131,Dec,12/23/2016,12/26/2016,3,2016,Second Class,JT-41241,James Thomas,Consumer,United States,Springfield,New Jersey,26300,East,FUR-CH-40522600,Furniture,Chairs,"Hon Deluxe Fabric Upholstered Stacking Chairs, Rounded Back",29
190,OK-2016-927177,Jul,7/17/2016,7/21/2016,4,2016,Standard Class,KG-92690,Karen Garcia,Corporate,United States,Greenville,Kentucky,39530,South,TEC-PH-15858797,Technology,Phones,Cisco Unified IP Phone,152
191,DI-2018-887339,Dec,12/9/2018,12/12/2018,3,2018,Second Class,LT-68698,Linda Taylor,Consumer,United States,Tucson,Arizona,53185,West,FUR-BO-33809187,Furniture,Bookcases,Ikea Billy Bookcase,28
192,WY-2018-924451,May,5/27/2018,5/28/2018,1,2018,First Class,SJ-22052,Sean Jackson,Corporate,United States,Tacoma,Washington,61639,West,TEC-AC-99120129,Technology,Accessories,Noise Cancelling Headphones,48
193,CO-2018-865235,May,5/8/2018,5/11/2018,3,2018,Standard Class,WM-95296,William Miller,Corporate,United States,Riverside,Iowa,85324,Central,OFF-BI-11074483,Office Supplies,Binders,Basic 3 Ring Binder,51
194,DI-2016-968122,Jul,7/10/2016,7/13/2016,3,2016,Second Class,KJ-17269,Karen Johnson,Consumer,United States,Fairview,Vermont,79212,East,TEC-AC-50029987,Technology,Accessories,Noise Cancelling Headphones,25
195,ID-2019-518949,Nov,11/28/2019,11/30/2019,2,2019,Second Class,JT-99509,John Thomas,Corporate,United States,Greenville,Hawaii,70852,West,FUR-BO-85008402,Furniture,Bookcases,Ikea Billy Bookcase,61
196,MI-2015-142726,Apr,4/16/2015,4/21/2015,5,2015,Standard Class,RW-85228,Robert Wilson,Corporate,United States,Springfield,Rhode Island,33713,East,OFF-PA-50690780,Office Supplies,Paper,Premium Photo Paper,47
197,NE-2016-175205,Dec,12/23/2016,12/29/2016,6,2016,Standard Class,JL-99269,James Lee,Home Office,United States,Aurora,Colorado,53098,West,FUR-TA-93839918,Furniture,Tables,Bretford CR4500 Series Slim Rectangular Table,85
198,NE-2015-451248,Mar,3/18/2015,3/21/2015,3,2015,Second Class,RJ-20573,Robert Jackson,Consumer,United States,Fairview,District of Columbia,40188,East,TEC-AC-27914487,Technology,Accessories,Logitech Wireless Mouse,90
199,WI-2016-331918,Aug,8/20/2016,8/20/2016,0,2016,Same Day,SJ-70530,Sean Jackson,Corporate,United States,Springfield,Alaska,31143,West,TEC-PH-26171381,Technology,Phones,Cisco Unified IP Phone,116
200,WY-2019-252946,Jan,1/9/2019,1/12/2019,3,2019,Second Class,WJ-19212,William Jackson,Consumer,United States,Toledo,Ohio,10922,Central,OFF-PA-77384267,Office Supplies,Paper,Hammermill Copy Paper,31
201,GE-2016-957882,Nov,11/8/2016,11/9/2016,1,2016,First Class,DJ-16353,Daniel Johnson,Corporate,United States,Greenville,Missouri,40551,Central,FUR-BO-75314751,Furniture,Bookcases,Bush Somerset Collection Bookcase,24
202,AL-2019-275877,Apr,4/10/2019,4/10/2019,0,2019,Same Day,DM-19523,David Moore,Consumer,United States,Greenville,Alabama,33050,South,FUR-TA-72926358,Furniture,Tables,Bretford CR4500 Series Slim Rectangular Table,141
203,CA-2017-963440,Mar,3/5/2017,3/8/2017,3,2017,Standard Class,SW-12583,Sean Wilson,Home Office,United States,Greenville,Nevada,61470,West,OFF-PA-12351440,Office Supplies,Paper,Recycled Printer Paper,13
204,NE-2018-784754,May,5/27/2018,5/29/2018,2,2018,Second Class,SJ-77596,Sarah Jackson,Home Office,United States,Greenville,New Jersey,15607,East,TEC-PH-33396371,Technology,Phones,Android Smartphone,23
205,PE-2017-676850,Jan,1/9/2017,1/15/2017,6,2017,Standard Class,SJ-71253,Susan Johnson,Corporate,United States,Albany,New York,34346,East,TEC-CO-85590565,Technology,Copiers,Brother Laser Copier,74
206,NE-2016-708416,Jan,1/17/2016,1/17/2016,0,2016,Same Day,CM-50392,Claire Martinez,Corporate,United States,Cleveland,Ohio,14029,Central,FUR-CH-64077230,Furniture,Chairs,Ergonomic Mesh Task Chair,105
207,OH-2018-398326,Apr,4/24/2018,4/28/2018,4,2018,Standard Class,SJ-78608,Sarah Johnson,Consumer,United States,Peoria,Illinois,67726,Central,OFF-BI-64197542,Office Supplies,Binders,Avery Durable Ring Binders,37
208,NE-2019-681783,Aug,8/24/2019,8/27/2019,3,2019,Standard Class,SJ-42101,Sarah Johnson,Corporate,United States,Chattanooga,Tennessee,61136,South,OFF-ST-36632494,Office Supplies,Storage,Fellowes Bankers Box,60
209,VE-2016-268022,Aug,8/14/2016,8/15/2016,1,2016,First Class,SG-33453,Sean Garcia,Consumer,United States,Springfield,Alabama,40372,South,OFF-ST-33415577,Office Supplies,Storage,Desktop File Organizer,10
210,OR-2018-943933,Nov,11/15/2018,11/19/2018,4,2018,Standard Class,SM-61078,Sean Martinez,Corporate,United States,Dallas,Texas,23259,South,TEC-CO-95189938,Technology,Copiers,Canon imageCLASS Copier,39
211,PE-2016-371613,Dec,12/28/2016,12/31/2016,3,2016,Second Class,SS-17433,Sean Smith,Consumer,United States,Greenville,New Mexico,96211,West,FUR-CH-75497974,Furniture,Chairs,Global Deluxe Stacking Chair,13
212,MI-2018-329667,Aug,8/21/2018,8/25/2018,4,2018,Standard Class,DB-16405,Daniel Brown,Corporate,United States,San Diego,California,62594,West,TEC-CO-21417950,Technology,Copiers,Brother Laser Copier,85
213,DI-2018-740045,Apr,4/25/2018,4/25/2018,0,2018,Same Day,SM-33017,Susan Martin,Consumer,United States,Riverside,Mississippi,71119,South,TEC-PH-94393623,Technology,Phones,Cisco Unified IP Phone,21
214,MI-2017-690803,Sep,9/28/2017,9/29/2017,1,2017,First Class,DG-26355,Daniel Garcia,Corporate,United States,Miami,Florida,57820,South,FUR-TA-62413313,Furniture,Tables,Bretford CR4500 Series Slim Rectangular Table,18
215,WA-2018-506168,Apr,4/24/2018,4/27/2018,3,2018,Standard Class,MG-77228,Michael Gute,Corporate,United States,Greenville,Hawaii,82587,West,TEC-AC-40002612,Technology,Accessories,Logitech Wireless Mouse,72
216,RH-2016-669200,Jun,6/6/2016,6/9/2016,3,2016,Second Class,EG-23753,Emily Garcia,Consumer,United States,San Diego,California,90673,West,FUR-TA-45742549,Furniture,Tables,Bretford CR4500 Series Slim Rectangular Table,75
217,MO-2015-243543,Mar,3/17/2015,3/20/2015,3,2015,Standard Class,LJ-60964,Laura Johnson,Consumer,United States,Riverside,Missouri,44443,Central,OFF-BI-75286405,Office Supplies,Binders,Avery Durable Ring Binders,30
218,NO-2015-705994,Apr,4/4/2015,4/6/2015,2,2015,Second Class,LT-64287,Laura Thomas,Home Office,United States,Fairview,Michigan,72101,Central,OFF-BI-43864538,Office Supplies,Binders,Cardinal Heavyweight Binders,47
219,AR-2017-343549,Jun,6/20/2017,6/22/2017,2,2017,Second Class,JS-96718,James Smith,Corporate,United States,Greenville,Mississippi,30689,South,TEC-CO-62087031,Technology,Copiers,Brother Laser Copier,73
220,SO-2019-345552,Apr,4/28/2019,4/29/2019,1,2019,First Class,RD-33020,Robert Davis,Consumer,United States,Cleveland,Ohio,68666,Central,TEC-CO-73944953,Technology,Copiers,Brother Laser Copier,47
221,IO-2015-245961,Oct,10/16/2015,10/21/2015,5,2015,Standard Class,SM-72109,Sarah Martin,Consumer,United States,Greenville,North Dakota,45923,Central,TEC-AC-27583749,Technology,Accessories,Noise Cancelling Headphones,27
222,AL-2017-399139,Dec,12/13/2017,12/17/2017,4,2017,Standard Class,CG-75907,Claire Garcia,Consumer,United States,Riverside,Oklahoma,10610,South,TEC-CO-94981732,Technology,Copiers,Brother Laser Copier,74
223,OK-2018-398125,Feb,2/2/2018,2/5/2018,3,2018,Second Class,JT-73655,John Taylor,Corporate,United States,Spokane,Washington,95996,West,FUR-BO-42055549,Furniture,Bookcases,Sauder Classic Bookcase,57
224,OK-2016-508760,Dec,12/28/2016,12/30/2016,2,2016,Second Class,SM-25468,Sean Martinez,Corporate,United States,Riverside,Montana,88158,West,OFF-BI-47743727,Office Supplies,Binders,Basic 3 Ring Binder,57
225,NE-2018-271377,Sep,9/4/2018,9/7/2018,3,2018,Standard Class,KD-82620,Karen Davis,Consumer,United States,Houston,Texas,36174,South,TEC-AC-72866292,Technology,Accessories,Logitech Wireless Mouse,64
226,MI-2016-273706,Apr,4/2/2016,4/5/2016,3,2016,Standard Class,LG-58329,Laura Garcia,Corporate,United States,Fort Collins,Colorado,99797,West,FUR-CH-64790657,Furniture,Chairs,Ergonomic Mesh Task Chair,20
227,PE-2019-587564,Jan,1/8/2019,1/11/2019,3,2019,Standard Class,DA-67182,Daniel Anderson,Corporate,United States,Greenville,New Mexico,38541,West,TEC-CO-49610784,Technology,Copiers,HP OfficeJet Pro,80
228,HA-2017-215989,Jul,7/2/2017,7/3/2017,1,2017,First Class,DM-84530,David Martin,Corporate,United States,Greenville,North Dakota,51295,Central,TEC-CO-68476782,Technology,Copiers,Brother Laser Copier,53
229,WI-2017-720006,Dec,12/14/2017,12/18/2017,4,2017,Standard Class,WG-51515,William Garcia,Consumer,United States,Greenville,New Mexico,86612,West,TEC-CO-91254546,Technology,Copiers,Canon imageCLASS Copier,40
230,SO-2015-949551,Apr,4/16/2015,4/19/2015,3,2015,Standard Class,RM-74619,Robert Martinez,Consumer,United States,Fairview,Montana,37413,West,FUR-BO-82025524,Furniture,Bookcases,Bush Somerset Collection Bookcase,33
231,ID-2017-484115,Oct,10/10/2017,10/11/2017,1,2017,First Class,JL-51182,John Lee,Consumer,United States,Bellevue,Washington,50548,West,FUR-CH-84183310,Furniture,Chairs,Ergonomic Mesh Task Chair,26
232,AL-2019-910993,Jan,1/2/2019,1/6/2019,4,2019,Standard Class,LL-11870,Laura Lee,Consumer,United States,Fairview,Connecticut,69902,East,TEC-AC-33256756,Technology,Accessories,Logitech Wireless Mouse,90
233,IL-2015-188484,Nov,11/4/2015,11/7/2015,3,2015,Second Class,LJ-64255,Linda Johnson,Consumer,United States,Greenville,Minnesota,21741,Central,FUR-BO-47746301,Furniture,Bookcases,Sauder Classic Bookcase,17
234,KA-2018-138661,Aug,8/12/2018,8/18/2018,6,2018,Standard Class,DL-40622,David Lee,Consumer,United States,Greenville,South Dakota,48011,Central,FUR-TA-59843722,Furniture,Tables,Adjustable Height Table,22
235,NE-2017-749231,Oct,10/2/2017,10/3/2017,1,2017,First Class,MS-23765,Michael Smith,Consumer,United States,Springfield,Alabama,37846,South,FUR-BO-13977173,Furniture,Bookcases,Ikea Billy Bookcase,33
236,VI-2018-784918,Nov,11/21/2018,11/24/2018,3,2018,Second Class,WG-57767,William Garcia,Corporate,United States,Fairview,Iowa,70909,Central,OFF-BI-79281295,Office Supplies,Binders,Basic 3 Ring Binder,87
237,OH-2018-858751,Jun,6/7/2018,6/8/2018,1,2018,First Class,CM-70831,Claire Moore,Consumer,United States,Riverside,North Dakota,22237,Central,FUR-TA-39111707,Furniture,Tables,Adjustable Height Table,75
238,IN-2017-151135,Dec,12/10/2017,12/16/2017,6,2017,Standard Class,SM-12743,Sean Moore,Corporate,United States,Fairview,New Mexico,30945,West,FUR-CH-35433646,Furniture,Chairs,Global Deluxe Stacking Chair,15
239,NE-2016-799215,Jun,6/12/2016,6/18/2016,6,2016,Standard Class,RG-55192,Robert Garcia,Consumer,United States,Fairview,Maryland,74023,East,FUR-TA-33336280,Furniture,Tables,Adjustable Height Table,89
240,OR-2018-438884,Mar,3/13/2018,3/16/2018,3,2018,Second Class,LJ-35110,Linda Jackson,Corporate,United States,Cambridge,Massachusetts,24060,East,OFF-BI-35504133,Office Supplies,Binders,Avery Durable Ring Binders,74
241,WA-2015-373003,Feb,2/1/2015,2/7/2015,6,2015,Standard Class,JM-75596,Jessica Martin,Consumer,United States,Riverside,Nevada,47981,West,TEC-PH-40421334,Technology,Phones,Apple iPhone 8,26
242,MI-2017-255721,Apr,4/4/2017,4/7/2017,3,2017,Standard Class,JD-35481,James Davis,Corporate,United States,Raleigh,North Carolina,74158,South,TEC-PH-64434209,Technology,Phones,Android Smartphone,12
243,CO-2015-996413,May,5/26/2015,6/1/2015,6,2015,Standard Class,RM-93592,Robert Moore,Corporate,United States,Springfield,Hawaii,78891,West,OFF-ST-62520878,Office Supplies,Storage,Desktop File Organizer,32
244,NE-2018-157297,Feb,2/1/2018,2/1/2018,0,2018,Same Day,DT-56063,Daniel Thomas,Consumer,United States,Fairview,Vermont,18539,East,TEC-CO-33014057,Technology,Copiers,Canon imageCLASS Copier,104
245,NE-2018-844306,Feb,2/15/2018,2/17/2018,2,2018,Second Class,ED-54793,Emily Davis,Corporate,United States,Greenville,Delaware,86678,East,TEC-CO-28578184,Technology,Copiers,HP OfficeJet Pro,138
246,MA-2015-675544,Apr,4/15/2015,4/18/2015,3,2015,Second Class,LM-81376,Laura Martinez,Consumer,United States,San Diego,California,75156,West,FUR-CH-84372236,Furniture,Chairs,"Hon Deluxe Fabric Upholstered Stacking Chairs, Rounded Back",24
247,OR-2018-761571,Jan,1/10/2018,1/13/2018,3,2018,Second Class,CT-55635,Claire Taylor,Corporate,United States,Springfield,Alabama,40536,South,TEC-CO-18345100,Technology,Copiers,Canon imageCLASS Copier,152
248,NE-2017-740544,May,5/13/2017,5/17/2017,4,2017,Standard Class,LG-53065,Linda Garcia,Consumer,United States,Fairview,Alaska,78741,West,OFF-ST-56154055,Office Supplies,Storage,Plastic Stackable Storage,9
249,MO-2018-872590,Jul,7/24/2018,7/27/2018,3,2018,Standard Class,WT-73136,William Taylor,Consumer,United States,Fairview,Utah,75546,West,FUR-CH-56850478,Furniture,Chairs,Ergonomic Mesh Task Chair,32
250,MA-2015-265412,Jun,6/26/2015,6/30/2015,4,2015,Standard Class,LM-29044,Laura Miller,Consumer,United States,Fairview,Maryland,64079,East,TEC-PH-61672312,Technology,Phones,Apple iPhone 8,41
251,MA-2015-100742,Jul,7/8/2015,7/10/2015,2,2015,Second Class,JG-55737,James Gute,Home Office,United States,Springfield,Montana,60262,West,OFF-PA-89708509,Office Supplies,Paper,Premium Photo Paper,66
252,WY-2017-638675,Mar,3/10/2017,3/16/2017,6,2017,Standard Class,JM-87105,John Martin,Consumer,United States,Springfield,South Carolina,76122,South,FUR-TA-66152253,Furniture,Tables,Bretford CR4500 Series Slim Rectangular Table,87
253,MA-2015-418472,Aug,8/8/2015,8/9/2015,1,2015,First Class,JL-62875,James Lee,Corporate,United States,Denver,Colorado,99932,West,FUR-TA-97627037,Furniture,Tables,Adjustable Height Table,70
254,AR-2016-211408,Nov,11/15/2016,11/16/2016,1,2016,First Class,SM-10661,Sarah Martin,Consumer,United States,Cambridge,Massachusetts,62069,East,FUR-TA-88421776,Furniture,Tables,Bretford CR4500 Series Slim Rectangular Table,18
255,MA-2018-267524,Nov,11/21/2018,11/27/2018,6,2018,Standard Class,LB-21544,Linda Brown,Consumer,United States,Albany,New York,82783,East,OFF-ST-29326623,Office Supplies,Storage,Desktop File Organizer,56
256,RH-2015-398574,May,5/7/2015,5/10/2015,3,2015,Second Class,JT-21678,Jessica Taylor,Consumer,United States,Portland,Oregon,76983,West,TEC-PH-31706497,Technology,Phones,Android Smartphone,72
257,CA-2018-163209,Sep,9/10/2018,9/16/2018,6,2018,Standard Class,CJ-94032,Claire Jackson,Home Office,United States,Spokane,Washington,87021,West,FUR-TA-41029671,Furniture,Tables,Conference Room Table,15
258,KE-2015-151221,Mar,3/28/2015,3/28/2015,0,2015,Same Day,WJ-91880,William Jackson,Corporate,United States,Greenville,West Virginia,95906,East,TEC-PH-45236296,Technology,Phones,Apple iPhone 8,15
259,TE-2015-924422,Jun,6/2/2015,6/3/2015,1,2015,First Class,LJ-62090,Linda Johnson,Consumer,United States,Fairview,Alaska,27377,West,OFF-ST-59769560,Office Supplies,Storage,Fellowes Bankers Box,62
260,CO-2017-380892,Jun,6/14/2017,6/15/2017,1,2017,First Class,LJ-64426,Linda Jackson,Corporate,United States,Phoenix,Arizona,24891,West,FUR-CH-30926136,Furniture,Chairs,Ergonomic Mesh Task Chair,36
261,TE-2018-984006,Nov,11/22/2018,11/26/2018,4,2018,Standard Class,SM-33324,Susan Miller,Consumer,United States,Erie,Pennsylvania,62771,East,FUR-TA-30011066,Furniture,Tables,Adjustable Height Table,18
262,ID-2015-967929,Mar,3/5/2015,3/9/2015,4,2015,Standard Class,SJ-16742,Sean Johnson,Consumer,United States,Buffalo,New York,50436,East,TEC-CO-44325095,Technology,Copiers,Canon imageCLASS Copier,47
263,FL-2016-228314,Aug,8/2/2016,8/8/2016,6,2016,Standard Class,DW-56609,David Wilson,Corporate,United States,Springfield,New Hampshire,61364,East,OFF-BI-70482079,Office Supplies,Binders,Cardinal Heavyweight Binders,41
264,CA-2019-743431,Apr,4/5/2019,4/10/2019,5,2019,Standard Class,DD-46266,David Davis,Consumer,United States,Fairview,South Carolina,81823,South,TEC-AC-71931304,Technology,Accessories,Logitech Wireless Mouse,50
265,NE-2019-640723,Jan,1/28/2019,2/2/2019,5,2019,Standard Class,SG-25706,Susan Garcia,Consumer,United States,Boston,Massachusetts,93853,East,OFF-PA-97850505,Office Supplies,Paper,Premium Photo Paper,13
266,NE-2017-721581,Feb,2/1/2017,2/5/2017,4,2017,Standard Class,JM-57973,Jessica Martin,Corporate,United States,Springfield,Kansas,47567,Central,TEC-CO-28217388,Technology,Copiers,Canon imageCLASS Copier,164
267,AL-2017-186571,Dec,12/6/2017,12/6/2017,0,2017,Same Day,MT-83799,Michael Thomas,Consumer,United States,Dallas,Texas,74613,South,FUR-CH-45357323,Furniture,Chairs,Global Deluxe Stacking Chair,73
268,NE-2016-269703,Oct,10/1/2016,10/6/2016,5,2016,Standard Class,KL-74246,Karen Lee,Home Office,United States,San Diego,California,27711,West,TEC-AC-96820973,Technology,Accessories,USB-C Hub,43
269,IL-2018-168974,Feb,2/4/2018,2/10/2018,6,2018,Standard Class,WM-38602,William Martin,Corporate,United States,Fairview,Virginia,58109,East,TEC-PH-72100786,Technology,Phones,Apple iPhone 8,44
270,OK-2017-643720,Sep,9/19/2017,9/20/2017,1,2017,First Class,ET-11099,Emily Thomas,Home Office,United States,Fairview,Vermont,11962,East,FUR-TA-63305066,Furniture,Tables,Bretford CR4500 Series Slim Rectangular Table,49
271,MA-2016-987930,Jun,6/8/2016,6/10/2016,2,2016,Second Class,SS-45195,Susan Smith,Corporate,United States,Springfield,Virginia,55337,East,FUR-CH-58568144,Furniture,Chairs,Global Deluxe Stacking Chair,20
272,IO-2015-704785,Feb,2/16/2015,2/18/2015,2,2015,Second Class,RS-40982,Robert Smith,Home Office,United States,Fairview,Wyoming,59079,West,FUR-CH-16795934,Furniture,Chairs,Ergonomic Mesh Task Chair,48
273,WY-2015-739684,Mar,3/18/2015,3/20/2015,2,2015,Second Class,DM-11285,David Martin,Consumer,United States,Springfield,Connecticut,76189,East,TEC-CO-90403641,Technology,Copiers,HP OfficeJet Pro,24
274,IN-2019-986125,Sep,9/26/2019,9/27/2019,1,2019,First Class,DG-56831,Daniel Gute,Corporate,United States,Springfield,Idaho,68452,West,TEC-PH-66295468,Technology,Phones,Apple iPhone 8,51
275,RH-2017-710209,Jun,6/1/2017,6/3/2017,2,2017,Second Class,JT-30944,James Taylor,Corporate,United States,Jacksonville,Florida,42255,South,FUR-TA-61450066,Furniture,Tables,Bretford CR4500 Series Slim Rectangular Table,20
276,MA-2017-136163,Apr,4/26/2017,4/30/2017,4,2017,Standard Class,MT-83775,Michael Taylor,Home Office,United States,Columbus,Ohio,10515,Central,TEC-PH-58555030,Technology,Phones,Android Smartphone,27
277,ID-2017-880304,Jul,7/19/2017,7/22/2017,3,2017,Second Class,MG-50000,Michael Gute,Consumer,United States,Eugene,Oregon,20393,West,FUR-TA-45272278,Furniture,Tables,Conference Room Table,107
278,SO-2018-428210,Jun,6/5/2018,6/11/2018,6,2018,Standard Class,JG-94127,Jessica Garcia,Corporate,United States,Greenville,Virginia,97574,East,TEC-AC-32919821,Technology,Accessories,USB-C Hub,55
279,KA-2015-103927,Nov,11/24/2015,11/27/2015,3,2015,Standard Class,LT-11825,Laura Taylor,Corporate,United States,Columbus,Georgia,93009,South,TEC-CO-77978977,Technology,Copiers,Brother Laser Copier,60
280,OR-2015-556510,Dec,12/26/2015,1/1/2016,6,2015,Standard Class,LT-45725,Laura Taylor,Consumer,United States,Riverside,South Dakota,39258,Central,TEC-CO-55861076,Technology,Copiers,Canon imageCLASS Copier,16
281,WI-2016-943312,Apr,4/8/2016,4/13/2016,5,2016,Standard Class,JM-91559,Jessica Moore,Home Office,United States,Buffalo,New York,33296,East,FUR-TA-13054557,Furniture,Tables,Bretford CR4500 Series Slim Rectangular Table,28
282,NO-2017-331597,Mar,3/28/2017,3/30/2017,2,2017,Second Class,RG-65668,Robert Gute,Consumer,United States,Greenville,Mississippi,49277,South,OFF-PA-45918504,Office Supplies,Paper,Premium Photo Paper,44
283,AR-2018-542361,Jul,7/14/2018,7/18/2018,4,2018,Standard Class,DG-83557,Daniel Gute,Consumer,United States,Colorado Springs,Colorado,72093,West,FUR-CH-93574326,Furniture,Chairs,"Hon Deluxe Fabric Upholstered Stacking Chairs, Rounded Back",45
284,LO-2017-256399,Dec,12/19/2017,12/23/2017,4,2017,Standard Class,SJ-59586,Susan Jackson,Corporate,United States,Fairview,Hawaii,42114,West,TEC-CO-43650510,Technology,Copiers,HP OfficeJet Pro,15
285,OR-2017-151923,Nov,11/28/2017,12/4/2017,6,2017,Standard Class,EG-11607,Emily Gute,Consumer,United States,Springfield,Montana,16056,West,TEC-PH-47190970,Technology,Phones,Apple iPhone 8,60
286,SO-2019-172490,Jan,1/11/2019,1/12/2019,1,2019,First Class,SD-85604,Sarah Davis,Consumer,United States,Atlanta,Georgia,46251,South,OFF-PA-66156500,Office Supplies,Paper,Recycled Printer Paper,41
287,GE-2015-754309,Sep,9/25/2015,10/1/2015,6,2015,Standard Class,SJ-94741,Susan Jackson,Consumer,United States,Greenville,Nebraska,33452,Central,OFF-BI-82150731,Office Supplies,Binders,Basic 3 Ring Binder,72
288,MO-2017-877666,Feb,2/9/2017,2/12/2017,3,2017,Second Class,SA-94573,Sean Anderson,Consumer,United States,Riverside,West Virginia,39243,East,FUR-CH-70161499,Furniture,Chairs,Ergonomic Mesh Task Chair,27
289,MO-2017-228968,Jul,7/24/2017,7/25/2017,1,2017,First Class,EM-88792,Emily Miller,Corporate,United States,Fairview,Missouri,24665,Central,TEC-CO-86504924,Technology,Copiers,HP OfficeJet Pro,14
290,OH-2017-359486,Feb,2/17/2017,2/22/2017,5,2017,Standard Class,KG-85621,Karen Gute,Home Office,United States,Rochester,New York,69294,East,FUR-BO-20257352,Furniture,Bookcases,Sauder Classic Bookcase,22
291,PE-2019-275526,Apr,4/7/2019,4/9/2019,2,2019,Second Class,DM-33280,Daniel Miller,Corporate,United States,Fairview,Nevada,57396,West,OFF-ST-93213328,Office Supplies,Storage,Plastic Stackable Storage,17
292,MI-2016-124170,Jul,7/13/2016,7/17/2016,4,2016,Standard Class,CM-12245,Claire Martin,Consumer,United States,Fairview,Kentucky,34377,South,TEC-AC-91352972,Technology,Accessories,USB-C Hub,82
293,HA-2019-598087,Aug,8/10/2019,8/16/2019,6,2019,Standard Class,DM-62445,David Martinez,Corporate,United States,Greensboro,North Carolina,59847,South,FUR-CH-56723372,Furniture,Chairs,Global Deluxe Stacking Chair,8
294,RH-2016-729929,Oct,10/3/2016,10/5/2016,2,2016,Second Class,DJ-21468,David Jackson,Home Office,United States,Portland,Oregon,54343,West,TEC-PH-66226800,Technology,Phones,Cisco Unified IP Phone,40
295,AL-2017-683089,Nov,11/1/2017,11/2/2017,1,2017,First Class,CM-71425,Claire Miller,Corporate,United States,San Francisco,California,81636,West,TEC-PH-29153174,Technology,Phones,Android Smartphone,125
296,NO-2017-449247,Sep,9/11/2017,9/15/2017,4,2017,Standard Class,JM-31086,Jessica Miller,Consumer,United States,Fairview,Indiana,96037,Central,OFF-PA-50315268,Office Supplies,Paper,Hammermill Copy Paper,33
297,NE-2019-599508,May,5/1/2019,5/3/2019,2,2019,Second Class,RT-40906,Robert Thomas,Consumer,United States,San Diego,California,21760,West,TEC-CO-28243302,Technology,Copiers,Brother Laser Copier,91
298,OH-2017-184689,Sep,9/5/2017,9/9/2017,4,2017,Standard Class,LM-78942,Linda Martin,Home Office,United States,Fairview,Nebraska,89551,Central,FUR-TA-11977901,Furniture,Tables,Adjustable Height Table,15
299,IN-2016-238873,Aug,8/22/2016,8/24/2016,2,2016,Second Class,KJ-75510,Karen Jackson,Home Office,United States,Orlando,Florida,73431,South,FUR-CH-98281275,Furniture,Chairs,Global Deluxe Stacking Chair,15
300,OH-2015-938614,Nov,11/22/2015,11/24/2015,2,2015,Second Class,RG-84907,Robert Garcia,Consumer,United States,Erie,Pennsylvania,72329,East,TEC-AC-33323186,Technology,Accessories,USB-C Hub,126
301,IL-2016-785356,Apr,4/23/2016,4/25/2016,2,2016,Second Class,RS-99982,Robert Smith,Home Office,United States,Boston,Massachusetts,43686,East,TEC-PH-63379747,Technology,Phones,Apple iPhone 8,56
302,MA-2019-930464,Oct,10/10/2019,10/13/2019,3,2019,Second Class,ST-69035,Sean Thomas,Consumer,United States,Memphis,Tennessee,40951,South,TEC-CO-37022534,Technology,Copiers,Canon imageCLASS Copier,56
303,AR-2015-925011,Feb,2/25/2015,3/2/2015,5,2015,Standard Class,JG-54333,Jessica Gute,Consumer,United States,Greenville,Delaware,10507,East,TEC-CO-43355945,Technology,Copiers,HP OfficeJet Pro,27
304,SO-2019-684452,Feb,2/17/2019,2/20/2019,3,2019,Second Class,JJ-72239,James Johnson,Corporate,United States,Riverside,Hawaii,98397,West,TEC-PH-45798539,Technology,Phones,Cisco Unified IP Phone,56
305,WE-2017-935413,Mar,3/4/2017,3/7/2017,3,2017,Second Class,LM-56452,Laura Martin,Corporate,United States,Chandler,Arizona,64584,West,TEC-PH-40154205,Technology,Phones,Apple iPhone 8,27
306,KE-2015-475033,Oct,10/5/2015,10/8/2015,3,2015,Second Class,ET-53753,Emily Thomas,Consumer,United States,Greenville,Louisiana,46209,South,TEC-AC-67365977,Technology,Accessories,USB-C Hub,108
307,AR-2016-103254,Sep,9/21/2016,9/25/2016,4,2016,Standard Class,DT-73924,Daniel Thomas,Home Office,United States,Augusta,Georgia,58938,South,FUR-TA-96484263,Furniture,Tables,Conference Room Table,204
308,AL-2017-156313,Jan,1/6/2017,1/12/2017,6,2017,Standard Class,ST-58765,Susan Taylor,Home Office,United States,Phoenix,Arizona,13647,West,TEC-PH-48577118,Technology,Phones,Cisco Unified IP Phone,71
309,NE-2016-198538,Oct,10/16/2016,10/22/2016,6,2016,Standard Class,JA-90261,James Anderson,Consumer,United States,Greenville,Oklahoma,25628,South,FUR-CH-97599404,Furniture,Chairs,"Hon Deluxe Fabric Upholstered Stacking Chairs, Rounded Back",27
310,SO-2015-185818,Feb,2/28/2015,3/6/2015,6,2015,Standard Class,LM-77022,Linda Martin,Corporate,United States,Fairview,Wyoming,66101,West,TEC-PH-70101750,Technology,Phones,Android Smartphone,12
311,WI-2018-416531,Apr,4/1/2018,4/5/2018,4,2018,Standard Class,JM-44750,Jessica Miller,Corporate,United States,Riverside,Montana,56283,West,TEC-AC-64642256,Technology,Accessories,USB-C Hub,19
312,WY-2018-731143,Dec,12/1/2018,12/4/2018,3,2018,Standard Class,KT-62988,Karen Taylor,Corporate,United States,Greenville,District of Columbia,80835,East,FUR-TA-31339346,Furniture,Tables,Bretford CR4500 Series Slim Rectangular Table,101
313,NO-2015-811583,Jul,7/28/2015,7/31/2015,3,2015,Second Class,KS-74421,Karen Smith,Home Office,United States,Greenville,Vermont,69286,East,FUR-BO-15662863,Furniture,Bookcases,Ikea Billy Bookcase,21
314,NO-2016-631191,Jul,7/18/2016,7/24/2016,6,2016,Standard Class,JG-35560,John Gute,Corporate,United States,Greenville,Kentucky,64128,South,TEC-PH-86674128,Technology,Phones,Cisco Unified IP Phone,42
315,MI-2016-231792,May,5/4/2016,5/5/2016,1,2016,First Class,JM-46552,James Miller,Consumer,United States,Riverside,Kansas,83373,Central,FUR-CH-61658295,Furniture,Chairs,Global Deluxe Stacking Chair,59
316,KE-2018-773110,Jul,7/27/2018,8/2/2018,6,2018,Standard Class,RM-24906,Robert Miller,Consumer,United States,Greenville,Montana,16143,West,FUR-CH-47297247,Furniture,Chairs,"Hon Deluxe Fabric Upholstered Stacking Chairs, Rounded Back",97
317,HA-2018-419321,Feb,2/25/2018,2/28/2018,3,2018,Second Class,LW-28930,Linda Wilson,Home Office,United States,Toledo,Ohio,72179,Central,TEC-AC-83077058,Technology,Accessories,Logitech Wireless Mouse,47
318,WI-2018-111694,May,5/17/2018,5/20/2018,3,2018,Standard Class,WD-75122,William Davis,Home Office,United States,Chattanooga,Tennessee,74402,South,TEC-CO-37952234,Technology,Copiers,Brother Laser Copier,42
319,AR-2019-352529,Feb,2/18/2019,2/22/2019,4,2019,Standard Class,SJ-75305,Sarah Johnson,Consumer,United States,Greenville,Iowa,34764,Central,TEC-CO-80525552,Technology,Copiers,Brother Laser Copier,55
320,NE-2018-397540,Mar,3/9/2018,3/12/2018,3,2018,Second Class,JJ-12358,James Johnson,Consumer,United States,Springfield,Alaska,27608,West,OFF-BI-39516744,Office Supplies,Binders,Avery Durable Ring Binders,23
321,LO-2016-346820,Sep,9/2/2016,9/3/2016,1,2016,First Class,LM-79880,Linda Martinez,Corporate,United States,Fairview,Idaho,29246,West,FUR-BO-92879305,Furniture,Bookcases,Ikea Billy Bookcase,28
322,IL-2015-830682,Jun,6/18/2015,6/23/2015,5,2015,Standard Class,EL-30256,Emily Lee,Consumer,United States,Fairview,Connecticut,27832,East,FUR-CH-34117018,Furniture,Chairs,Ergonomic Mesh Task Chair,51
323,OR-2018-783932,Feb,2/9/2018,2/13/2018,4,2018,Standard Class,SG-19520,Susan Garcia,Consumer,United States,Springfield,Rhode Island,57139,East,OFF-BI-22379870,Office Supplies,Binders,Basic 3 Ring Binder,37
324,PE-2019-725996,May,5/20/2019,5/22/2019,2,2019,Second Class,LM-92374,Laura Martinez,Home Office,United States,Greenville,Maryland,22206,East,TEC-AC-72828703,Technology,Accessories,Logitech Wireless Mouse,190
325,CO-2019-225104,Dec,12/26/2019,12/28/2019,2,2019,Second Class,RL-56341,Robert Lee,Home Office,United States,Riverside,Utah,69335,West,FUR-CH-24656252,Furniture,Chairs,Global Deluxe Stacking Chair,52
326,OK-2016-827049,Mar,3/1/2016,3/5/2016,4,2016,Standard Class,WM-74811,William Moore,Home Office,United States,Riverside,Idaho,19456,West,FUR-BO-95442673,Furniture,Bookcases,Bush Somerset Collection Bookcase,79
327,SO-2016-709457,Jan,1/18/2016,1/23/2016,5,2016,Standard Class,WW-58418,William Wilson,Corporate,United States,Riverside,West Virginia,12420,East,OFF-BI-68999959,Office Supplies,Binders,Basic 3 Ring Binder,17
328,CO-2015-275353,Feb,2/7/2015,2/10/2015,3,2015,Standard Class,SM-78425,Susan Miller,Consumer,United States,Miami,Florida,38735,South,FUR-CH-30777459,Furniture,Chairs,Global Deluxe Stacking Chair,54
329,MA-2015-683283,Nov,11/27/2015,11/28/2015,1,2015,First Class,MM-32293,Michael Martinez,Home Office,United States,Greenville,Michigan,27267,Central,OFF-PA-28793703,Office Supplies,Paper,Premium Photo Paper,21
330,MA-2017-535159,Nov,11/8/2017,11/14/2017,6,2017,Standard Class,DG-42340,Daniel Gute,Consumer,United States,Greenville,Vermont,98978,East,OFF-ST-93148752,Office Supplies,Storage,Plastic Stackable Storage,42
331,WY-2017-495414,Aug,8/19/2017,8/22/2017,3,2017,Standard Class,RG-65114,Robert Garcia,Consumer,United States,Columbus,Georgia,37269,South,FUR-TA-64707211,Furniture,Tables,Adjustable Height Table,60
332,HA-2016-200910,Mar,3/17/2016,3/17/2016,0,2016,Same Day,WG-78085,William Garcia,Home Office,United States,Springfield,Kansas,29985,Central,TEC-CO-90436239,Technology,Copiers,Canon imageCLASS Copier,55
333,ID-2016-566473,Jul,7/12/2016,7/17/2016,5,2016,Standard Class,ES-86296,Emily Smith,Corporate,United States,Greenville,Nebraska,27709,Central,FUR-BO-19920268,Furniture,Bookcases,Bush Somerset Collection Bookcase,168
334,DE-2019-189938,Oct,10/21/2019,10/25/2019,4,2019,Standard Class,DA-81819,David Anderson,Home Office,United States,Cincinnati,Ohio,43646,Central,TEC-CO-93285296,Technology,Copiers,HP OfficeJet Pro,125
335,WE-2017-247827,Jul,7/22/2017,7/28/2017,6,2017,Standard Class,DT-55848,David Thomas,Consumer,United States,Greenville,North Dakota,64525,Central,FUR-TA-56804437,Furniture,Tables,Adjustable Height Table,81
336,WA-2019-219291,Oct,10/18/2019,10/24/2019,6,2019,Standard Class,CW-34581,Claire Wilson,Home Office,United States,Riverside,Virginia,80374,East,OFF-ST-70157971,Office Supplies,Storage,Fellowes Bankers Box,52
337,VE-2019-958696,Apr,4/23/2019,4/28/2019,5,2019,Standard Class,DG-91473,David Garcia,Corporate,United States,Greenville,Wisconsin,42811,Central,TEC-PH-43558792,Technology,Phones,Android Smartphone,153
338,HA-2016-356377,Sep,9/28/2016,10/3/2016,5,2016,Standard Class,JM-92729,Jessica Martinez,Corporate,United States,Riverside,Wisconsin,66336,Central,TEC-CO-15322628,Technology,Copiers,Canon imageCLASS Copier,22
339,HA-2016-419683,Feb,2/12/2016,2/15/2016,3,2016,Second Class,KD-43436,Karen Davis,Home Office,United States,Greenville,North Dakota,53384,Central,FUR-BO-96217518,Furniture,Bookcases,Bush Somerset Collection Bookcase,90
340,NE-2019-389872,Dec,12/16/2019,12/19/2019,3,2019,Second Class,JT-24708,James Taylor,Consumer,United States,Fairview,Mississippi,86183,South,FUR-CH-99513848,Furniture,Chairs,Global Deluxe Stacking Chair,22
341,IO-2018-908424,Dec,12/1/2018,12/4/2018,3,2018,Standard Class,KB-68202,Karen Brown,Corporate,United States,Cambridge,Massachusetts,61213,East,FUR-TA-42809216,Furniture,Tables,Conference Room Table,28
342,FL-2016-606668,Jan,1/24/2016,1/26/2016,2,2016,Second Class,CT-76823,Claire Thomas,Corporate,United States,Springfield,Kansas,36089,Central,FUR-BO-94948112,Furniture,Bookcases,Bush Somerset Collection Bookcase,56
343,NE-2018-927242,May,5/16/2018,5/19/2018,3,2018,Standard Class,SS-66477,Susan Smith,Corporate,United States,Eugene,Oregon,73322,West,OFF-BI-53500658,Office Supplies,Binders,Avery Durable Ring Binders,69
344,OK-2017-369932,Jun,6/13/2017,6/14/2017,1,2017,First Class,MM-79770,Michael Martin,Home Office,United States,Naperville,Illinois,83804,Central,FUR-CH-81079828,Furniture,Chairs,Global Deluxe Stacking Chair,20
345,ID-2019-203351,Dec,12/3/2019,12/7/2019,4,2019,Standard Class,LM-94462,Linda Martinez,Corporate,United States,Springfield,Mississippi,51889,South,FUR-BO-54929975,Furniture,Bookcases,Sauder Classic Bookcase,29
346,TE-2016-600596,Oct,10/27/2016,10/30/2016,3,2016,Second Class,CL-10201,Claire Lee,Consumer,United States,Riverside,Minnesota,98846,Central,OFF-BI-13346100,Office Supplies,Binders,Cardinal Heavyweight Binders,35
347,MA-2019-410982,Aug,8/12/2019,8/15/2019,3,2019,Standard Class,DM-35890,Daniel Martinez,Consumer,United States,New York City,New York,89117,East,FUR-BO-56679640,Furniture,Bookcases,Sauder Classic Bookcase,36
348,PE-2019-821715,Feb,2/20/2019,2/22/2019,2,2019,Second Class,MA-26227,Michael Anderson,Home Office,United States,Springfield,Michigan,27725,Central,OFF-BI-21677180,Office Supplies,Binders,Cardinal Heavyweight Binders,55
349,WI-2015-891480,Jun,6/5/2015,6/11/2015,6,2015,Standard Class,RW-31597,Robert Wilson,Home Office,United States,Greenville,Delaware,80807,East,FUR-CH-82434314,Furniture,Chairs,"Hon Deluxe Fabric Upholstered Stacking Chairs, Rounded Back",312
350,MA-2015-525315,May,5/28/2015,5/30/2015,2,2015,Second Class,SB-63298,Susan Brown,Home Office,United States,Greenville,Vermont,64085,East,TEC-PH-64700973,Technology,Phones,Cisco Unified IP Phone,68
351,ID-2017-974222,Apr,4/6/2017,4/9/2017,3,2017,Standard Class,MD-58909,Michael Davis,Consumer,United States,Riverside,Alaska,58132,West,TEC-AC-16237600,Technology,Accessories,USB-C Hub,34
352,WE-2015-597711,Sep,9/6/2015,9/7/2015,1,2015,First Class,WW-22429,William Wilson,Consumer,United States,Riverside,Wisconsin,56253,Central,TEC-PH-77727551,Technology,Phones,Apple iPhone 8,24
353,NE-2016-343828,Dec,12/26/2016,12/31/2016,5,2016,Standard Class,WJ-35785,William Johnson,Corporate,United States,Fairview,New Mexico,86806,West,FUR-CH-58273216,Furniture,Chairs,Ergonomic Mesh Task Chair,33
354,FL-2017-540077,Dec,12/28/2017,12/31/2017,3,2017,Second Class,CM-37731,Claire Martin,Corporate,United States,Fairview,Vermont,64977,East,TEC-PH-64312522,Technology,Phones,Android Smartphone,30
355,MI-2019-133579,Mar,3/7/2019,3/8/2019,1,2019,First Class,DJ-82056,David Jackson,Consumer,United States,Augusta,Georgia,58393,South,FUR-TA-69827523,Furniture,Tables,Bretford CR4500 Series Slim Rectangular Table,53
356,PE-2019-823600,May,5/15/2019,5/15/2019,0,2019,Same Day,LM-43479,Laura Miller,Corporate,United States,Riverside,North Dakota,14397,Central,TEC-PH-10873883,Technology,Phones,Android Smartphone,69
357,AR-2015-191291,Nov,11/23/2015,11/29/2015,6,2015,Standard Class,SW-10509,Sarah Wilson,Consumer,United States,Fairview,New Hampshire,50346,East,OFF-ST-55415196,Office Supplies,Storage,Fellowes Bankers Box,25
358,AR-2019-377873,Aug,8/27/2019,9/2/2019,6,2019,Standard Class,JT-84585,Jessica Taylor,Consumer,United States,Raleigh,North Carolina,91722,South,OFF-BI-13981364,Office Supplies,Binders,Avery Durable Ring Binders,109
359,NE-2015-608784,Aug,8/12/2015,8/18/2015,6,2015,Standard Class,JJ-37859,John Johnson,Consumer,United States,Bellevue,Washington,74055,West,FUR-BO-77515052,Furniture,Bookcases,Ikea Billy Bookcase,26
360,CO-2018-138677,May,5/16/2018,5/21/2018,5,2018,Standard Class,MB-37160,Michael Brown,Consumer,United States,Orlando,Florida,14585,South,TEC-AC-47733076,Technology,Accessories,USB-C Hub,49
361,WA-2019-171385,Feb,2/21/2019,2/23/2019,2,2019,Second Class,KG-34767,Karen Gute,Consumer,United States,Greenville,Maryland,89558,East,TEC-CO-93489517,Technology,Copiers,Brother Laser Copier,78
362,WY-2019-726504,Aug,8/22/2019,8/22/2019,0,2019,Same Day,ES-89011,Emily Smith,Home Office,United States,Fairview,Arkansas,84399,South,OFF-ST-62283063,Office Supplies,Storage,Desktop File Organizer,57
363,MA-2016-164599,Jul,7/24/2016,7/24/2016,0,2016,Same Day,DJ-60541,Daniel Jackson,Corporate,United States,Jacksonville,Florida,59201,South,TEC-CO-64881860,Technology,Copiers,HP OfficeJet Pro,114
364,WA-2019-529374,Dec,12/18/2019,12/24/2019,6,2019,Standard Class,SJ-51224,Sean Jackson,Home Office,United States,Springfield,Michigan,12016,Central,TEC-CO-98108402,Technology,Copiers,Brother Laser Copier,69
365,LO-2015-404825,Jun,6/4/2015,6/6/2015,2,2015,Second Class,DD-54485,Daniel Davis,Consumer,United States,Greenville,Wisconsin,60618,Central,FUR-CH-69461079,Furniture,Chairs,Ergonomic Mesh Task Chair,75
366,NE-2017-305271,Oct,10/28/2017,10/29/2017,1,2017,First Class,KL-59924,Karen Lee,Consumer,United States,Springfield,North Dakota,14912,Central,TEC-PH-83807482,Technology,Phones,Cisco Unified IP Phone,36
367,VI-2017-269900,Sep,9/26/2017,9/27/2017,1,2017,First Class,SG-21781,Sarah Gute,Consumer,United States,Greenville,Hawaii,38833,West,OFF-BI-87544343,Office Supplies,Binders,Avery Durable Ring Binders,57
368,NO-2016-787069,Nov,11/24/2016,11/28/2016,4,2016,Standard Class,LW-97628,Laura Wilson,Corporate,United States,Colorado Springs,Colorado,66601,West,OFF-PA-44814933,Office Supplies,Paper,Recycled Printer Paper,57
369,MA-2015-956387,Jul,7/3/2015,7/9/2015,6,2015,Standard Class,JA-90910,Jessica Anderson,Consumer,United States,Fairview,Maryland,92161,East,FUR-CH-38908231,Furniture,Chairs,Global Deluxe Stacking Chair,99
370,NE-2018-226161,Jan,1/7/2018,1/8/2018,1,2018,First Class,DB-57517,Daniel Brown,Corporate,United States,Riverside,Rhode Island,42201,East,TEC-CO-74457898,Technology,Copiers,HP OfficeJet Pro,19
371,GE-2016-963712,Jun,6/23/2016,6/29/2016,6,2016,Standard Class,SB-71224,Susan Brown,Home Office,United States,Fairview,South Dakota,87401,Central,TEC-PH-90608496,Technology,Phones,Cisco Unified IP Phone,31
372,MA-2018-635285,Jun,6/1/2018,6/5/2018,4,2018,Standard Class,WA-62565,William Anderson,Home Office,United States,Rochester,New York,92651,East,FUR-TA-69539398,Furniture,Tables,Conference Room Table,65
373,WY-2017-677493,Mar,3/28/2017,3/28/2017,0,2017,Same Day,MG-73415,Michael Gute,Consumer,United States,Fairview,Indiana,11893,Central,OFF-BI-86319137,Office Supplies,Binders,Cardinal Heavyweight Binders,7
374,KA-2016-738933,Dec,12/12/2016,12/12/2016,0,2016,Same Day,LT-47881,Laura Thomas,Corporate,United States,Bellevue,Washington,31548,West,OFF-BI-86939148,Office Supplies,Binders,Basic 3 Ring Binder,44
375,OH-2019-733706,Oct,10/22/2019,10/23/2019,1,2019,First Class,DD-42243,Daniel Davis,Consumer,United States,Gresham,Oregon,73886,West,TEC-PH-79475787,Technology,Phones,Android Smartphone,100
376,IN-2015-837829,Dec,12/27/2015,12/30/2015,3,2015,Second Class,EJ-97240,Emily Johnson,Consumer,United States,Charlotte,North Carolina,78115,South,TEC-CO-81156352,Technology,Copiers,Canon imageCLASS Copier,37
377,CO-2018-535121,Aug,8/12/2018,8/18/2018,6,2018,Standard Class,DS-87852,Daniel Smith,Corporate,United States,Springfield,Kentucky,45317,South,FUR-TA-56936374,Furniture,Tables,Adjustable Height Table,31
378,NE-2018-580022,Aug,8/10/2018,8/16/2018,6,2018,Standard Class,WW-24897,William Wilson,Corporate,United States,Memphis,Tennessee,69107,South,OFF-PA-15812183,Office Supplies,Paper,Hammermill Copy Paper,17
379,MO-2016-391443,May,5/19/2016,5/22/2016,3,2016,Standard Class,EA-99919,Emily Anderson,Corporate,United States,Riverside,New Jersey,65093,East,OFF-ST-49368537,Office Supplies,Storage,Plastic Stackable Storage,24
380,FL-2016-194731,Jul,7/18/2016,7/21/2016,3,2016,Second Class,LJ-31192,Linda Jackson,Consumer,United States,Fairview,West Virginia,76579,East,OFF-BI-19865688,Office Supplies,Binders,Cardinal Heavyweight Binders,25
381,MI-2015-698175,May,5/13/2015,5/16/2015,3,2015,Standard Class,SJ-93082,Sean Jackson,Home Office,United States,Springfield,Missouri,74678,Central,OFF-PA-62113509,Office Supplies,Paper,Recycled Printer Paper,22
382,RH-2019-130248,Jan,1/19/2019,1/22/2019,3,2019,Second Class,MG-68310,Michael Gute,Home Office,United States,Springfield,Hawaii,17728,West,FUR-BO-67144358,Furniture,Bookcases,Ikea Billy Bookcase,26
383,OR-2019-348071,Jul,7/28/2019,7/31/2019,3,2019,Standard Class,SG-94342,Sean Gute,Consumer,United States,Riverside,South Dakota,24242,Central,FUR-CH-23050581,Furniture,Chairs,Global Deluxe Stacking Chair,34
384,UT-2016-184806,Jul,7/15/2016,7/18/2016,3,2016,Second Class,KM-68910,Karen Miller,Home Office,United States,Greenville,Kansas,21945,Central,OFF-BI-45017404,Office Supplies,Binders,Cardinal Heavyweight Binders,28
385,WY-2015-271654,Jan,1/6/2015,1/9/2015,3,2015,Standard Class,EM-90897,Emily Martinez,Consumer,United States,Springfield,Maine,93922,East,TEC-CO-16090591,Technology,Copiers,Canon imageCLASS Copier,163
386,LO-2015-674857,May,5/12/2015,5/16/2015,4,2015,Standard Class,SA-84563,Susan Anderson,Corporate,United States,Springfield,Vermont,92217,East,OFF-BI-76106908,Office Supplies,Binders,Avery Durable Ring Binders,26
387,OR-2015-665628,May,5/12/2015,5/15/2015,3,2015,Standard Class,JM-50347,John Martin,Home Office,United States,Worcester,Massachusetts,81766,East,FUR-TA-98341268,Furniture,Tables,Bretford CR4500 Series Slim Rectangular Table,49
388,ID-2019-478949,Oct,10/4/2019,10/10/2019,6,2019,Standard Class,KJ-67232,Karen Jackson,Home Office,United States,Greenville,Oklahoma,20504,South,TEC-PH-95147712,Technology,Phones,Android Smartphone,37
389,OR-2019-181154,Apr,4/5/2019,4/6/2019,1,2019,First Class,LT-74112,Laura Taylor,Home Office,United States,Fairview,South Carolina,61683,South,TEC-CO-19824771,Technology,Copiers,Brother Laser Copier,37
390,ID-2015-490036,Apr,4/21/2015,4/25/2015,4,2015,Standard Class,SD-87799,Susan Davis,Consumer,United States,Greenville,South Carolina,26850,South,OFF-PA-77012633,Office Supplies,Paper,Hammermill Copy Paper,12
391,CO-2018-417470,Jan,1/11/2018,1/16/2018,5,2018,Standard Class,JL-39461,Jessica Lee,Home Office,United States,Houston,Texas,43154,South,FUR-BO-50683852,Furniture,Bookcases,Bush Somerset Collection Bookcase,15
392,WI-2015-748412,Jan,1/28/2015,1/30/2015,2,2015,Second Class,DS-20088,David Smith,Corporate,United States,Springfield,Maryland,34037,East,TEC-PH-81359771,Technology,Phones,Apple iPhone 8,26
393,SO-2016-621123,Sep,9/8/2016,9/10/2016,2,2016,Second Class,DL-78886,David Lee,Consumer,United States,Houston,Texas,84602,South,OFF-BI-70628097,Office Supplies,Binders,Basic 3 Ring Binder,37
394,IL-2017-542408,Mar,3/3/2017,3/9/2017,6,2017,Standard Class,RM-57242,Robert Martin,Consumer,United States,Greenville,Hawaii,23000,West,FUR-BO-34994486,Furniture,Bookcases,Sauder Classic Bookcase,76
395,HA-2018-538283,Jun,6/23/2018,6/29/2018,6,2018,Standard Class,LM-29078,Laura Moore,Corporate,United States,Riverside,Mississippi,68155,South,TEC-CO-10216732,Technology,Copiers,Brother Laser Copier,18
396,WA-2019-969666,Aug,8/27/2019,8/30/2019,3,2019,Standard Class,LT-19648,Linda Thomas,Corporate,United States,Rochester,New York,98549,East,FUR-BO-41004659,Furniture,Bookcases,Ikea Billy Bookcase,29
397,DE-2015-780664,May,5/9/2015,5/11/2015,2,2015,Second Class,CL-11461,Claire Lee,Corporate,United States,Riverside,Maine,71834,East,TEC-CO-73431310,Technology,Copiers,HP OfficeJet Pro,23
398,FL-2015-547281,Jun,6/7/2015,6/11/2015,4,2015,Standard Class,EM-53102,Emily Martin,Home Office,United States,Phoenix,Arizona,17130,West,FUR-CH-45380195,Furniture,Chairs,"Hon Deluxe Fabric Upholstered Stacking Chairs, Rounded Back",34
399,KE-2016-531299,Dec,12/6/2016,12/11/2016,5,2016,Standard Class,CG-29719,Claire Garcia,Corporate,United States,Mesa,Arizona,91705,West,TEC-CO-29725672,Technology,Copiers,Brother Laser Copier,101
400,ID-2016-123831,Jun,6/16/2016,6/21/2016,5,2016,Standard Class,LM-79349,Laura Miller,Consumer,United States,Fairview,Maine,67876,East,OFF-ST-51760617,Office Supplies,Storage,Fellowes Bankers Box,25
401,ID-2019-948257,Jan,1/15/2019,1/17/2019,2,2019,Second Class,KG-70581,Karen Gute,Consumer,United States,Springfield,Indiana,51067,Central,TEC-PH-77711366,Technology,Phones,Android Smartphone,52
402,RH-2018-387256,Jun,6/8/2018,6/14/2018,6,2018,Standard Class,KT-65626,Karen Taylor,Corporate,United States,Bellevue,Washington,69371,West,TEC-AC-20748977,Technology,Accessories,USB-C Hub,127
403,VE-2016-330344,Feb,2/2/2016,2/3/2016,1,2016,First Class,DG-10714,David Garcia,Corporate,United States,Springfield,Kentucky,89113,South,OFF-PA-72257682,Office Supplies,Paper,Hammermill Copy Paper,44
404,TE-2019-999467,Jan,1/15/2019,1/18/2019,3,2019,Standard Class,WG-45772,William Garcia,Corporate,United States,Greenville,Utah,52940,West,OFF-BI-70060961,Office Supplies,Binders,Basic 3 Ring Binder,21
405,AR-2017-746819,Feb,2/27/2017,3/1/2017,2,2017,Second Class,DD-87415,David Davis,Corporate,United States,Fairview,South Carolina,57818,South,OFF-ST-43366408,Office Supplies,Storage,Desktop File Organizer,36
406,MA-2017-142627,Mar,3/20/2017,3/26/2017,6,2017,Standard Class,SD-78066,Susan Davis,Corporate,United States,Albany,New York,50719,East,FUR-BO-97330256,Furniture,Bookcases,Ikea Billy Bookcase,24
407,GE-2017-155696,Sep,9/15/2017,9/20/2017,5,2017,Standard Class,SB-77666,Sean Brown,Corporate,United States,Springfield,District of Columbia,16533,East,TEC-AC-90523476,Technology,Accessories,USB-C Hub,68
408,NE-2015-122951,Nov,11/4/2015,11/8/2015,4,2015,Standard Class,JT-56415,Jessica Taylor,Home Office,United States,Greenville,Wyoming,80835,West,FUR-TA-38454532,Furniture,Tables,Adjustable Height Table,54
409,RH-2019-639656,Mar,3/8/2019,3/9/2019,1,2019,First Class,LJ-97709,Laura Jackson,Consumer,United States,Greenville,Louisiana,21376,South,FUR-TA-12798198,Furniture,Tables,Adjustable Height Table,18
410,NE-2015-164407,Feb,2/9/2015,2/10/2015,1,2015,First Class,SW-20283,Sean Wilson,Corporate,United States,Springfield,South Dakota,45510,Central,FUR-CH-37747432,Furniture,Chairs,Global Deluxe Stacking Chair,44
411,UT-2015-940048,Apr,4/23/2015,4/29/2015,6,2015,Standard Class,SL-68152,Susan Lee,Corporate,United States,Phoenix,Arizona,44813,West,TEC-CO-28424974,Technology,Copiers,HP OfficeJet Pro,49
412,AR-2016-943214,Apr,4/27/2016,5/1/2016,4,2016,Standard Class,JM-36868,John Moore,Consumer,United States,Riverside,Utah,35203,West,OFF-PA-59252671,Office Supplies,Paper,Recycled Printer Paper,46
413,IL-2016-591448,Oct,10/28/2016,10/29/2016,1,2016,First Class,JT-98226,Jessica Taylor,Corporate,United States,Springfield,Wisconsin,46225,Central,OFF-BI-92686996,Office Supplies,Binders,Avery Durable Ring Binders,55
414,OK-2015-654974,Feb,2/28/2015,3/5/2015,5,2015,Standard Class,ST-17629,Susan Thomas,Corporate,United States,Knoxville,Tennessee,65620,South,FUR-BO-88330375,Furniture,Bookcases,Ikea Billy Bookcase,53
415,VE-2015-362704,Aug,8/28/2015,8/31/2015,3,2015,Standard Class,RD-96268,Robert Davis,Corporate,United States,Fairview,Utah,38024,West,TEC-PH-37524623,Technology,Phones,Android Smartphone,44
416,RH-2018-157575,May,5/28/2018,5/31/2018,3,2018,Standard Class,DJ-86549,David Jackson,Corporate,United States,Riverside,Alaska,25525,West,TEC-PH-48573777,Technology,Phones,Android Smartphone,93
417,CO-2019-763713,Aug,8/3/2019,8/5/2019,2,2019,Second Class,JT-12742,John Thomas,Consumer,United States,Peoria,Illinois,88242,Central,TEC-CO-13288797,Technology,Copiers,HP OfficeJet Pro,31
418,TE-2015-191607,May,5/5/2015,5/8/2015,3,2015,Second Class,RG-75176,Robert Gute,Consumer,United States,Springfield,Utah,97373,West,FUR-BO-58974715,Furniture,Bookcases,Bush Somerset Collection Bookcase,18
419,AR-2016-177001,Dec,12/10/2016,12/13/2016,3,2016,Second Class,LA-85593,Linda Anderson,Consumer,United States,Boston,Massachusetts,51272,East,TEC-CO-15703118,Technology,Copiers,Brother Laser Copier,8
420,OK-2017-380100,Mar,3/17/2017,3/17/2017,0,2017,Same Day,SM-59567,Susan Martin,Consumer,United States,Tacoma,Washington,39431,West,TEC-AC-53773728,Technology,Accessories,Logitech Wireless Mouse,51
421,NE-2019-111219,Jun,6/3/2019,6/7/2019,4,2019,Standard Class,DT-67562,Daniel Taylor,Corporate,United States,Springfield,Virginia,14273,East,TEC-AC-78124663,Technology,Accessories,Noise Cancelling Headphones,32
422,NO-2018-490631,Oct,10/26/2018,11/1/2018,6,2018,Standard Class,EW-68856,Emily Wilson,Home Office,United States,Riverside,Nebraska,13316,Central,FUR-CH-86876126,Furniture,Chairs,Ergonomic Mesh Task Chair,50
423,OK-2018-736912,Sep,9/19/2018,9/24/2018,5,2018,Standard Class,LG-55161,Laura Garcia,Corporate,United States,Fairview,New Hampshire,45358,East,TEC-PH-11132090,Technology,Phones,Apple iPhone 8,16
424,MO-2017-821213,May,5/17/2017,5/20/2017,3,2017,Standard Class,RM-18104,Robert Miller,Consumer,United States,Albany,New York,93720,East,OFF-ST-68893856,Office Supplies,Storage,Fellowes Bankers Box,22
425,IN-2017-643875,Jul,7/5/2017,7/10/2017,5,2017,Standard Class,CA-47696,Claire Anderson,Consumer,United States,Greenville,New Hampshire,75763,East,TEC-AC-79415134,Technology,Accessories,Logitech Wireless Mouse,70
426,NE-2015-862185,Jan,1/8/2015,1/13/2015,5,2015,Standard Class,LT-22728,Laura Thomas,Consumer,United States,Riverside,Virginia,41433,East,OFF-PA-36908947,Office Supplies,Paper,Hammermill Copy Paper,18
427,GE-2019-465851,Jun,6/5/2019,6/9/2019,4,2019,Standard Class,SB-92884,Sean Brown,Corporate,United States,Springfield,Wyoming,97123,West,FUR-CH-18010425,Furniture,Chairs,Ergonomic Mesh Task Chair,51
428,AR-2019-863894,Feb,2/24/2019,2/26/2019,2,2019,Second Class,CS-12666,Claire Smith,Consumer,United States,Fairview,Utah,48587,West,OFF-ST-96379315,Office Supplies,Storage,Desktop File Organizer,24
429,MI-2015-555825,May,5/18/2015,5/22/2015,4,2015,Standard Class,JM-71533,John Martin,Corporate,United States,Denver,Colorado,34911,West,FUR-BO-73243899,Furniture,Bookcases,Ikea Billy Bookcase,39
430,OH-2018-300732,Jul,7/23/2018,7/28/2018,5,2018,Standard Class,KS-41996,Karen Smith,Corporate,United States,Riverside,South Carolina,48371,South,OFF-ST-25469877,Office Supplies,Storage,Fellowes Bankers Box,47
431,NE-2015-949730,Sep,9/9/2015,9/12/2015,3,2015,Second Class,RL-73454,Robert Lee,Corporate,United States,Riverside,Nebraska,29038,Central,FUR-CH-35600656,Furniture,Chairs,Ergonomic Mesh Task Chair,70
432,RH-2018-347473,Nov,11/12/2018,11/14/2018,2,2018,Second Class,LJ-32702,Linda Johnson,Consumer,United States,Springfield,Idaho,89706,West,TEC-PH-36879894,Technology,Phones,Apple iPhone 8,56
433,KA-2019-123581,Nov,11/13/2019,11/15/2019,2,2019,Second Class,WT-51554,William Thomas,Consumer,United States,Worcester,Massachusetts,42505,East,TEC-AC-43277963,Technology,Accessories,USB-C Hub,33
434,AR-2015-318406,Feb,2/22/2015,2/23/2015,1,2015,First Class,MJ-16343,Michael Johnson,Corporate,United States,Fairview,New Hampshire,69216,East,FUR-BO-18592761,Furniture,Bookcases,Ikea Billy Bookcase,30
435,VE-2017-430018,Jan,1/24/2017,1/26/2017,2,2017,Second Class,KA-31152,Karen Anderson,Corporate,United States,Aurora,Colorado,45013,West,OFF-BI-46710968,Office Supplies,Binders,Cardinal Heavyweight Binders,49
436,CO-2015-416214,Jan,1/7/2015,1/11/2015,4,2015,Standard Class,CG-70816,Claire Garcia,Consumer,United States,Greenville,Kentucky,91154,South,TEC-PH-53071602,Technology,Phones,Cisco Unified IP Phone,29
437,MA-2017-572200,Aug,8/28/2017,9/1/2017,4,2017,Standard Class,EL-23886,Emily Lee,Home Office,United States,Atlanta,Georgia,67813,South,FUR-CH-29195500,Furniture,Chairs,Global Deluxe Stacking Chair,36
438,IN-2019-894813,May,5/4/2019,5/6/2019,2,2019,Second Class,SM-79276,Sarah Moore,Corporate,United States,Greenville,Hawaii,53942,West,OFF-ST-40075085,Office Supplies,Storage,Fellowes Bankers Box,26
439,AR-2015-363104,Mar,3/27/2015,4/1/2015,5,2015,Standard Class,RT-45722,Robert Thomas,Consumer,United States,Seattle,Washington,21892,West,TEC-PH-93071425,Technology,Phones,Apple iPhone 8,50
440,AL-2016-568693,Sep,9/4/2016,9/7/2016,3,2016,Standard Class,CB-73335,Claire Brown,Consumer,United States,Rochester,New York,91171,East,OFF-BI-59668876,Office Supplies,Binders,Avery Durable Ring Binders,18
441,CO-2019-406124,May,5/8/2019,5/13/2019,5,2019,Standard Class,DM-99773,Daniel Martin,Consumer,United States,Columbus,Ohio,59212,Central,TEC-AC-28931682,Technology,Accessories,USB-C Hub,17
442,SO-2016-839594,Mar,3/26/2016,3/29/2016,3,2016,Standard Class,SG-34681,Susan Gute,Consumer,United States,Fairview,Arkansas,35654,South,OFF-PA-37472085,Office Supplies,Paper,Recycled Printer Paper,45
443,DI-2015-241841,Aug,8/6/2015,8/10/2015,4,2015,Standard Class,JM-18887,James Moore,Consumer,United States,Riverside,Maryland,89012,East,OFF-ST-76877338,Office Supplies,Storage,Plastic Stackable Storage,59
444,CO-2017-193159,Aug,8/13/2017,8/19/2017,6,2017,Standard Class,WW-69451,William Wilson,Corporate,United States,New York City,New York,14899,East,FUR-CH-26871946,Furniture,Chairs,"Hon Deluxe Fabric Upholstered Stacking Chairs, Rounded Back",14
445,KA-2017-552695,Jan,1/14/2017,1/15/2017,1,2017,First Class,LT-29066,Linda Taylor,Consumer,United States,Fairview,Hawaii,38266,West,FUR-BO-11085052,Furniture,Bookcases,Bush Somerset Collection Bookcase,50
446,CO-2018-704698,Mar,3/8/2018,3/9/2018,1,2018,First Class,CA-59838,Claire Anderson,Home Office,United States,Tacoma,Washington,58314,West,FUR-BO-73612966,Furniture,Bookcases,Sauder Classic Bookcase,76
447,LO-2016-815971,Nov,11/22/2016,11/28/2016,6,2016,Standard Class,JW-55111,James Wilson,Home Office,United States,Seattle,Washington,40582,West,TEC-CO-46873399,Technology,Copiers,Canon imageCLASS Copier,76
448,ID-2019-630661,Feb,2/24/2019,2/25/2019,1,2019,First Class,MM-88870,Michael Miller,Consumer,United States,Riverside,New Hampshire,52905,East,TEC-AC-75671867,Technology,Accessories,Noise Cancelling Headphones,41
449,MI-2017-796464,Jul,7/27/2017,8/1/2017,5,2017,Standard Class,LS-73349,Laura Smith,Consumer,United States,Riverside,Wisconsin,33788,Central,TEC-AC-76590583,Technology,Accessories,Logitech Wireless Mouse,30
450,NE-2016-453438,Sep,9/11/2016,9/12/2016,1,2016,First Class,ED-86379,Emily Davis,Corporate,United States,Spokane,Washington,21707,West,FUR-CH-57102704,Furniture,Chairs,Ergonomic Mesh Task Chair,42
451,MI-2019-129580,Jul,7/16/2019,7/16/2019,0,2019,Same Day,LJ-37684,Laura Johnson,Home Office,United States,Springfield,New Mexico,13316,West,OFF-PA-67744697,Office Supplies,Paper,Premium Photo Paper,38
452,WE-2019-204489,Sep,9/8/2019,9/13/2019,5,2019,Standard Class,LJ-17116,Laura Jackson,Home Office,United States,Riverside,Alabama,24188,South,TEC-AC-20138047,Technology,Accessories,Logitech Wireless Mouse,56
453,MI-2017-134850,Apr,4/8/2017,4/10/2017,2,2017,Second Class,LG-63127,Laura Garcia,Consumer,United States,Riverside,South Carolina,95764,South,TEC-PH-84973093,Technology,Phones,Apple iPhone 8,48
454,OR-2015-396048,Apr,4/5/2015,4/5/2015,0,2015,Same Day,SA-71010,Sean Anderson,Consumer,United States,Riverside,Minnesota,61785,Central,FUR-CH-47346541,Furniture,Chairs,"Hon Deluxe Fabric Upholstered Stacking Chairs, Rounded Back",21
455,NE-2017-545941,Jan,1/28/2017,1/29/2017,1,2017,First Class,DT-95144,Daniel Taylor,Consumer,United States,Springfield,West Virginia,54005,East,TEC-CO-12193707,Technology,Copiers,Canon imageCLASS Copier,68
456,MA-2017-420685,Jan,1/27/2017,1/27/2017,0,2017,Same Day,LT-98312,Laura Thomas,Home Office,United States,Toledo,Ohio,44588,Central,FUR-CH-82352678,Furniture,Chairs,Global Deluxe Stacking Chair,53
457,IN-2015-604538,Jan,1/24/2015,1/26/2015,2,2015,Second Class,DA-58784,Daniel Anderson,Corporate,United States,Greenville,Delaware,73757,East,FUR-CH-73178541,Furniture,Chairs,Global Deluxe Stacking Chair,45
458,GE-2018-532547,Apr,4/16/2018,4/21/2018,5,2018,Standard Class,DM-55517,David Miller,Corporate,United States,Fairview,New Mexico,22713,West,TEC-CO-54871374,Technology,Copiers,Canon imageCLASS Copier,57
459,IN-2019-710147,Apr,4/15/2019,4/16/2019,1,2019,First Class,JJ-16530,John Jackson,Corporate,United States,Springfield,District of Columbia,34851,East,OFF-PA-48587456,Office Supplies,Paper,Recycled Printer Paper,91
460,WY-2015-700265,Jun,6/16/2015,6/19/2015,3,2015,Second Class,DS-89518,Daniel Smith,Consumer,United States,Fairview,Kansas,69030,Central,OFF-BI-44204755,Office Supplies,Binders,Cardinal Heavyweight Binders,23
461,KE-2018-386257,May,5/17/2018,5/20/2018,3,2018,Second Class,LJ-88452,Laura Johnson,Corporate,United States,Riverside,Iowa,53115,Central,OFF-PA-90599118,Office Supplies,Paper,Premium Photo Paper,71
462,CO-2015-411592,Oct,10/14/2015,10/20/2015,6,2015,Standard Class,KM-75682,Karen Martin,Consumer,United States,Riverside,Missouri,79307,Central,TEC-CO-87928418,Technology,Copiers,HP OfficeJet Pro,34
463,PE-2018-626632,May,5/4/2018,5/6/2018,2,2018,Second Class,CJ-46323,Claire Johnson,Corporate,United States,Riverside,Wisconsin,90738,Central,FUR-CH-37609280,Furniture,Chairs,"Hon Deluxe Fabric Upholstered Stacking Chairs, Rounded Back",77
464,TE-2017-636788,May,5/4/2017,5/7/2017,3,2017,Standard Class,SS-98022,Susan Smith,Corporate,United States,Fairview,Nevada,84102,West,TEC-PH-59097640,Technology,Phones,Android Smartphone,111
465,ID-2015-383229,Mar,3/28/2015,3/30/2015,2,2015,Second Class,LD-29352,Laura Davis,Corporate,United States,Fairview,Wisconsin,26578,Central,OFF-BI-38007119,Office Supplies,Binders,Avery Durable Ring Binders,28
466,KA-2019-397285,Feb,2/14/2019,2/19/2019,5,2019,Standard Class,WJ-39831,William Jackson,Consumer,United States,Nashville,Tennessee,18232,South,FUR-CH-39917655,Furniture,Chairs,"Hon Deluxe Fabric Upholstered Stacking Chairs, Rounded Back",108
467,OH-2015-724639,Nov,11/28/2015,12/1/2015,3,2015,Second Class,CD-50890,Claire Davis,Home Office,United States,Greenville,Iowa,25249,Central,OFF-BI-47433314,Office Supplies,Binders,Basic 3 Ring Binder,44
468,NE-2017-682669,Feb,2/5/2017,2/6/2017,1,2017,First Class,JB-93070,Jessica Brown,Corporate,United States,Toledo,Ohio,80516,Central,OFF-PA-34569201,Office Supplies,Paper,Premium Photo Paper,20
469,MA-2015-221545,May,5/17/2015,5/21/2015,4,2015,Standard Class,DM-43031,Daniel Martin,Consumer,United States,Fairview,Alaska,92243,West,FUR-CH-89876609,Furniture,Chairs,Ergonomic Mesh Task Chair,32
470,DE-2019-496937,Dec,12/7/2019,12/13/2019,6,2019,Standard Class,DB-72992,Daniel Brown,Consumer,United States,Greenville,Oklahoma,93289,South,OFF-BI-32927572,Office Supplies,Binders,Cardinal Heavyweight Binders,65
471,WA-2018-903434,Feb,2/8/2018,2/13/2018,5,2018,Standard Class,SB-94389,Sarah Brown,Corporate,United States,Fairview,Connecticut,36839,East,OFF-ST-58808565,Office Supplies,Storage,Desktop File Organizer,58
472,WE-2019-132675,Nov,11/1/2019,11/1/2019,0,2019,Same Day,LJ-29601,Laura Jackson,Consumer,United States,New York City,New York,85629,East,OFF-ST-29936406,Office Supplies,Storage,Fellowes Bankers Box,18
473,TE-2017-869646,May,5/4/2017,5/6/2017,2,2017,Second Class,SM-19495,Sarah Miller,Consumer,United States,Greenville,Rhode Island,58260,East,TEC-PH-27306423,Technology,Phones,Cisco Unified IP Phone,49
474,WA-2017-246860,Feb,2/26/2017,3/1/2017,3,2017,Standard Class,LS-87771,Linda Smith,Consumer,United States,Springfield,Idaho,84050,West,TEC-AC-48164524,Technology,Accessories,USB-C Hub,60
475,DE-2018-556523,Jan,1/10/2018,1/15/2018,5,2018,Standard Class,JL-16614,John Lee,Consumer,United States,Savannah,Georgia,59352,South,OFF-BI-44964155,Office Supplies,Binders,Basic 3 Ring Binder,24
476,SO-2018-481902,Nov,11/19/2018,11/24/2018,5,2018,Standard Class,DT-52031,Daniel Thomas,Consumer,United States,Riverside,Kansas,23130,Central,OFF-BI-69878613,Office Supplies,Binders,Basic 3 Ring Binder,136
477,WI-2019-109116,Jan,1/14/2019,1/17/2019,3,2019,Standard Class,DB-59650,David Brown,Corporate,United States,Springfield,New Jersey,17129,East,OFF-PA-21413078,Office Supplies,Paper,Recycled Printer Paper,38
478,IO-2015-923856,Dec,12/13/2015,12/14/2015,1,2015,First Class,MW-22242,Michael Wilson,Consumer,United States,Greenville,Oklahoma,96148,South,OFF-ST-34030584,Office Supplies,Storage,Fellowes Bankers Box,32
479,WE-2018-509432,Jul,7/16/2018,7/18/2018,2,2018,Second Class,KM-60088,Karen Martinez,Corporate,United States,San Francisco,California,48321,West,FUR-BO-85593790,Furniture,Bookcases,Ikea Billy Bookcase,81
480,MA-2015-958840,Aug,8/6/2015,8/10/2015,4,2015,Standard Class,KA-56096,Karen Anderson,Consumer,United States,Fairview,District of Columbia,41546,East,FUR-TA-63553909,Furniture,Tables,Adjustable Height Table,32
481,OR-2016-358069,Nov,11/28/2016,11/29/2016,1,2016,First Class,MJ-68294,Michael Johnson,Consumer,United States,Riverside,Iowa,42066,Central,FUR-CH-40537514,Furniture,Chairs,Global Deluxe Stacking Chair,73
482,MO-2019-879647,Feb,2/23/2019,2/28/2019,5,2019,Standard Class,LT-67472,Linda Taylor,Consumer,United States,Salem,Oregon,44103,West,OFF-BI-22050776,Office Supplies,Binders,Cardinal Heavyweight Binders,12
483,RH-2016-930149,Oct,10/23/2016,10/24/2016,1,2016,First Class,JJ-55581,James Jackson,Corporate,United States,Riverside,Nebraska,95048,Central,TEC-CO-38044077,Technology,Copiers,HP OfficeJet Pro,40
484,IO-2018-601148,May,5/15/2018,5/18/2018,3,2018,Standard Class,SA-66055,Sean Anderson,Home Office,United States,Springfield,Arkansas,15643,South,OFF-ST-60896728,Office Supplies,Storage,Fellowes Bankers Box,62
485,WE-2017-282409,Nov,11/5/2017,11/8/2017,3,2017,Second Class,MM-88294,Michael Moore,Consumer,United States,Riverside,Michigan,20715,Central,OFF-BI-62704732,Office Supplies,Binders,Basic 3 Ring Binder,85
486,IN-2016-716722,Oct,10/28/2016,10/29/2016,1,2016,First Class,EG-27562,Emily Garcia,Consumer,United States,Springfield,New Mexico,81067,West,OFF-ST-17205969,Office Supplies,Storage,Fellowes Bankers Box,21
487,NO-2016-594079,Sep,9/11/2016,9/15/2016,4,2016,Standard Class,WL-42920,William Lee,Consumer,United States,Fairview,North Dakota,59446,Central,TEC-PH-20278795,Technology,Phones,Apple iPhone 8,31
488,GE-2017-950075,Jul,7/2/2017,7/4/2017,2,2017,Second Class,MS-50247,Michael Smith,Consumer,United States,Greenville,Maryland,21568,East,OFF-BI-42824127,Office Supplies,Binders,Basic 3 Ring Binder,47
489,WE-2018-495344,Dec,12/11/2018,12/11/2018,0,2018,Same Day,JB-58018,Jessica Brown,Home Office,United States,Fairview,South Dakota,13101,Central,OFF-PA-16471291,Office Supplies,Paper,Hammermill Copy Paper,23
490,MO-2018-341662,Jan,1/24/2018,1/27/2018,3,2018,Standard Class,MT-68365,Michael Thomas,Consumer,United States,Fairview,Minnesota,30180,Central,TEC-PH-47670934,Technology,Phones,Apple iPhone 8,45
491,TE-2019-224458,Aug,8/19/2019,8/25/2019,6,2019,Standard Class,LG-86781,Linda Gute,Home Office,United States,Chandler,Arizona,33472,West,FUR-BO-10317975,Furniture,Bookcases,Sauder Classic Bookcase,67
492,MA-2019-728769,Jan,1/23/2019,1/25/2019,2,2019,Second Class,EM-72076,Emily Miller,Corporate,United States,Springfield,Utah,11279,West,OFF-PA-69963129,Office Supplies,Paper,Premium Photo Paper,24
493,HA-2018-976697,Aug,8/24/2018,8/30/2018,6,2018,Standard Class,WS-98167,William Smith,Corporate,United States,Seattle,Washington,29447,West,OFF-PA-74840326,Office Supplies,Paper,Premium Photo Paper,10
494,IO-2018-125509,Oct,10/7/2018,10/11/2018,4,2018,Standard Class,SM-28059,Susan Martinez,Home Office,United States,Springfield,Nevada,76447,West,TEC-PH-88476958,Technology,Phones,Android Smartphone,24
495,HA-2016-766400,Mar,3/28/2016,4/3/2016,6,2016,Standard Class,SG-11444,Sean Gute,Consumer,United States,Cambridge,Massachusetts,86988,East,TEC-CO-89631480,Technology,Copiers,HP OfficeJet Pro,53
496,TE-2017-934236,Jul,7/14/2017,7/16/2017,2,2017,Second Class,KD-13506,Karen Davis,Corporate,United States,Gresham,Oregon,90840,West,TEC-AC-48787513,Technology,Accessories,Logitech Wireless Mouse,17
497,KE-2015-167303,Apr,4/20/2015,4/23/2015,3,2015,Standard Class,EL-61418,Emily Lee,Consumer,United States,Savannah,Georgia,45091,South,OFF-PA-65444146,Office Supplies,Paper,Recycled Printer Paper,28
498,SO-2016-199152,Oct,10/1/2016,10/7/2016,6,2016,Standard Class,LT-92654,Linda Thomas,Home Office,United States,Riverside,Alabama,38746,South,FUR-CH-70988657,Furniture,Chairs,Global Deluxe Stacking Chair,17
499,NE-2019-722760,Jul,7/28/2019,7/29/2019,1,2019,First Class,SJ-77571,Susan Johnson,Corporate,United States,Riverside,Wyoming,99986,West,OFF-ST-56817561,Office Supplies,Storage,Fellowes Bankers Box,89
500,RH-2017-683166,Apr,4/9/2017,4/15/2017,6,2017,Standard Class,MM-51732,Michael Moore,Consumer,United States,Boston,Massachusetts,79239,East,TEC-AC-71844935,Technology,Accessories,USB-C Hub,194
501,KE-2015-161944,Nov,11/2/2015,11/3/2015,1,2015,First Class,SM-59540,Susan Moore,Home Office,United States,Greenville,South Dakota,58361,Central,TEC-CO-97886004,Technology,Copiers,Brother Laser Copier,28
502,WE-2018-850979,May,5/14/2018,5/19/2018,5,2018,Standard Class,DG-21361,David Garcia,Consumer,United States,Fairview,Iowa,32929,Central,TEC-AC-36811710,Technology,Accessories,USB-C Hub,62
503,VE-2019-571080,Oct,10/4/2019,10/4/2019,0,2019,Same Day,DM-69695,Daniel Miller,Consumer,United States,Columbus,Ohio,38917,Central,FUR-CH-36937980,Furniture,Chairs,Ergonomic Mesh Task Chair,22
504,VI-2019-916476,Jun,6/5/2019,6/7/2019,2,2019,Second Class,JT-88307,John Taylor,Corporate,United States,Riverside,South Carolina,56382,South,TEC-PH-87786521,Technology,Phones,Cisco Unified IP Phone,44
505,CA-2016-890190,Oct,10/19/2016,10/25/2016,6,2016,Standard Class,JJ-19980,John Jackson,Consumer,United States,Springfield,Minnesota,58786,Central,TEC-AC-71558411,Technology,Accessories,Noise Cancelling Headphones,156
506,AR-2017-831256,Jun,6/12/2017,6/13/2017,1,2017,First Class,SM-61686,Sean Martin,Home Office,United States,Greenville,Missouri,11231,Central,TEC-PH-95674426,Technology,Phones,Apple iPhone 8,40
507,NE-2017-564308,Feb,2/26/2017,3/2/2017,4,2017,Standard Class,KS-36009,Karen Smith,Corporate,United States,Springfield,Virginia,96345,East,TEC-PH-22687621,Technology,Phones,Apple iPhone 8,45
508,DE-2016-326539,Aug,8/10/2016,8/16/2016,6,2016,Standard Class,DM-92478,Daniel Moore,Corporate,United States,Riverside,West Virginia,61803,East,OFF-PA-42280876,Office Supplies,Paper,Recycled Printer Paper,19
509,TE-2016-555377,May,5/22/2016,5/28/2016,6,2016,Standard Class,JG-24696,John Garcia,Consumer,United States,Erie,Pennsylvania,63023,East,OFF-ST-67225081,Office Supplies,Storage,Desktop File Organizer,66
510,NE-2016-190730,Sep,9/14/2016,9/17/2016,3,2016,Second Class,SG-62132,Sean Garcia,Consumer,United States,Riverside,West Virginia,29032,East,FUR-TA-36972773,Furniture,Tables,Conference Room Table,6
511,OK-2019-692960,Apr,4/20/2019,4/25/2019,5,2019,Standard Class,SD-67740,Sean Davis,Home Office,United States,Greenville,Alabama,78848,South,FUR-BO-36392538,Furniture,Bookcases,Ikea Billy Bookcase,30
512,SO-2018-220579,Aug,8/18/2018,8/23/2018,5,2018,Standard Class,DM-40630,David Martin,Consumer,United States,Fairview,District of Columbia,76353,East,TEC-AC-68961777,Technology,Accessories,USB-C Hub,52
513,IL-2019-560055,Jan,1/15/2019,1/20/2019,5,2019,Standard Class,JM-72393,John Moore,Corporate,United States,Riverside,Idaho,18564,West,TEC-CO-93368727,Technology,Copiers,Brother Laser Copier,36
514,IL-2019-148943,Aug,8/28/2019,8/31/2019,3,2019,Standard Class,MA-24176,Michael Anderson,Consumer,United States,Springfield,Michigan,63548,Central,TEC-AC-26171786,Technology,Accessories,Noise Cancelling Headphones,89
515,RH-2019-369560,Jul,7/11/2019,7/15/2019,4,2019,Standard Class,KL-99336,Karen Lee,Consumer,United States,Riverside,Oklahoma,69236,South,OFF-BI-15173542,Office Supplies,Binders,Avery Durable Ring Binders,68
516,WI-2015-308872,Jul,7/6/2015,7/11/2015,5,2015,Standard Class,CM-35311,Claire Moore,Corporate,United States,Orlando,Florida,85200,South,FUR-BO-30795578,Furniture,Bookcases,Ikea Billy Bookcase,17
517,VE-2019-658027,Feb,2/19/2019,2/25/2019,6,2019,Standard Class,CA-71022,Claire Anderson,Corporate,United States,Springfield,Illinois,20360,Central,FUR-TA-11385154,Furniture,Tables,Conference Room Table,140
518,NE-2015-808107,Dec,12/26/2015,12/31/2015,5,2015,Standard Class,WG-20022,William Gute,Corporate,United States,Greenville,Oklahoma,73643,South,TEC-AC-57430477,Technology,Accessories,USB-C Hub,23
519,NE-2017-151572,Aug,8/2/2017,8/5/2017,3,2017,Second Class,JS-73273,John Smith,Home Office,United States,Fairview,Hawaii,28836,West,OFF-ST-68820045,Office Supplies,Storage,Desktop File Organizer,72
520,NE-2017-865254,Dec,12/14/2017,12/17/2017,3,2017,Standard Class,ST-88716,Sean Taylor,Consumer,United States,Springfield,New Hampshire,23750,East,TEC-CO-23259912,Technology,Copiers,HP OfficeJet Pro,58
521,PE-2016-874690,Apr,4/27/2016,4/29/2016,2,2016,Second Class,SM-94529,Sarah Martin,Consumer,United States,Springfield,New Hampshire,57646,East,OFF-BI-37754387,Office Supplies,Binders,Avery Durable Ring Binders,24
522,VI-2015-408041,Sep,9/23/2015,9/28/2015,5,2015,Standard Class,CB-78405,Claire Brown,Consumer,United States,Springfield,New Jersey,21502,East,OFF-PA-57356992,Office Supplies,Paper,Premium Photo Paper,26
523,NE-2015-693103,Apr,4/28/2015,5/4/2015,6,2015,Standard Class,ET-79686,Emily Thomas,Corporate,United States,Fairview,Nebraska,72946,Central,TEC-AC-60457522,Technology,Accessories,Logitech Wireless Mouse,52
524,UT-2019-462351,Jun,6/16/2019,6/20/2019,4,2019,Standard Class,LB-41308,Linda Brown,Consumer,United States,Fairview,Mississippi,23834,South,FUR-TA-60826002,Furniture,Tables,Bretford CR4500 Series Slim Rectangular Table,45
525,MA-2016-238771,Oct,10/20/2016,10/23/2016,3,2016,Standard Class,CL-35247,Claire Lee,Corporate,United States,Riverside,New Jersey,54060,East,TEC-CO-62097731,Technology,Copiers,HP OfficeJet Pro,31
526,MA-2016-575795,Mar,3/10/2016,3/14/2016,4,2016,Standard Class,KD-87090,Karen Davis,Consumer,United States,Springfield,Idaho,72209,West,OFF-ST-25839970,Office Supplies,Storage,Fellowes Bankers Box,29
527,MI-2019-177723,May,5/28/2019,5/29/2019,1,2019,First Class,DT-10469,David Thomas,Home Office,United States,Greenville,Louisiana,58620,South,FUR-BO-28862842,Furniture,Bookcases,Bush Somerset Collection Bookcase,25
528,TE-2015-890624,Sep,9/11/2015,9/14/2015,3,2015,Standard Class,KT-32010,Karen Thomas,Home Office,United States,Springfield,Kentucky,37860,South,FUR-BO-50702594,Furniture,Bookcases,Bush Somerset Collection Bookcase,19
529,KA-2019-931859,Sep,9/23/2019,9/28/2019,5,2019,Standard Class,JT-81507,John Thomas,Home Office,United States,Augusta,Georgia,99944,South,TEC-AC-50206980,Technology,Accessories,Noise Cancelling Headphones,32
530,NE-2019-839451,May,5/13/2019,5/16/2019,3,2019,Second Class,LD-45995,Laura Davis,Consumer,United States,Albany,New York,93988,East,OFF-ST-87006177,Office Supplies,Storage,Desktop File Organizer,17
531,SO-2017-606274,Nov,11/17/2017,11/23/2017,6,2017,Standard Class,JA-47758,John Anderson,Home Office,United States,Greenville,Nebraska,61733,Central,TEC-PH-68556232,Technology,Phones,Android Smartphone,41
532,CO-2015-601838,Feb,2/21/2015,2/27/2015,6,2015,Standard Class,JS-53063,John Smith,Consumer,United States,Riverside,Nebraska,76054,Central,TEC-AC-35250632,Technology,Accessories,Logitech Wireless Mouse,69
533,MI-2015-986145,Aug,8/16/2015,8/19/2015,3,2015,Standard Class,SM-89978,Susan Martinez,Consumer,United States,Riverside,Oklahoma,67484,South,OFF-BI-45909334,Office Supplies,Binders,Basic 3 Ring Binder,36
534,VE-2016-323111,Sep,9/28/2016,10/1/2016,3,2016,Standard Class,DG-97974,David Garcia,Consumer,United States,Springfield,Arkansas,89177,South,TEC-AC-46789843,Technology,Accessories,Logitech Wireless Mouse,173
535,NO-2017-168353,Apr,4/13/2017,4/17/2017,4,2017,Standard Class,LG-78714,Linda Garcia,Consumer,United States,Miami,Florida,48335,South,TEC-CO-26795511,Technology,Copiers,Brother Laser Copier,14
536,MO-2015-605746,Mar,3/20/2015,3/22/2015,2,2015,Second Class,EJ-43622,Emily Jackson,Corporate,United States,Fairview,Rhode Island,99643,East,FUR-CH-74455126,Furniture,Chairs,Global Deluxe Stacking Chair,53
537,SO-2017-395906,May,5/11/2017,5/12/2017,1,2017,First Class,MS-85836,Michael Smith,Consumer,United States,Springfield,Nevada,52821,West,TEC-PH-71113154,Technology,Phones,Android Smartphone,53
538,VE-2015-390104,Sep,9/13/2015,9/19/2015,6,2015,Standard Class,MM-17780,Michael Moore,Consumer,United States,Colorado Springs,Colorado,18793,West,FUR-TA-10821762,Furniture,Tables,Adjustable Height Table,65
539,VE-2017-106376,Jun,6/14/2017,6/16/2017,2,2017,Second Class,RD-49493,Robert Davis,Corporate,United States,Springfield,Mississippi,47986,South,FUR-TA-51996742,Furniture,Tables,Adjustable Height Table,61
540,MI-2015-636614,Apr,4/4/2015,4/6/2015,2,2015,Second Class,WM-41176,William Miller,Home Office,United States,Greenville,Kentucky,44939,South,OFF-BI-92984330,Office Supplies,Binders,Basic 3 Ring Binder,30
541,NE-2018-337630,Oct,10/3/2018,10/9/2018,6,2018,Standard Class,KT-51620,Karen Taylor,Corporate,United States,Bellevue,Washington,76037,West,TEC-AC-79753227,Technology,Accessories,Noise Cancelling Headphones,59
542,NO-2015-269072,Apr,4/21/2015,4/24/2015,3,2015,Second Class,SL-65069,Susan Lee,Corporate,United States,Greenville,Delaware,86835,East,FUR-BO-21467468,Furniture,Bookcases,Bush Somerset Collection Bookcase,25
543,CA-2015-136388,Feb,2/19/2015,2/21/2015,2,2015,Second Class,JJ-49578,John Jackson,Consumer,United States,Riverside,Hawaii,76007,West,OFF-BI-65951716,Office Supplies,Binders,Basic 3 Ring Binder,48
544,TE-2015-427925,Sep,9/20/2015,9/21/2015,1,2015,First Class,JM-27441,Jessica Miller,Home Office,United States,Springfield,New Jersey,74533,East,TEC-PH-36665577,Technology,Phones,Apple iPhone 8,17
545,UT-2019-891071,Apr,4/1/2019,4/1/2019,0,2019,Same Day,LB-47890,Laura Brown,Consumer,United States,Springfield,Minnesota,76365,Central,FUR-BO-39535058,Furniture,Bookcases,Ikea Billy Bookcase,63
546,MO-2015-403003,Nov,11/10/2015,11/14/2015,4,2015,Standard Class,JG-55594,Jessica Gute,Consumer,United States,Riverside,West Virginia,78123,East,TEC-AC-98791255,Technology,Accessories,Logitech Wireless Mouse,52
547,OR-2017-711166,Oct,10/6/2017,10/11/2017,5,2017,Standard Class,ES-47649,Emily Smith,Consumer,United States,Riverside,Rhode Island,43181,East,TEC-CO-63391143,Technology,Copiers,Brother Laser Copier,40
548,KA-2017-780891,Feb,2/22/2017,2/27/2017,5,2017,Standard Class,KS-58875,Karen Smith,Corporate,United States,Fairview,Vermont,63652,East,FUR-BO-97094995,Furniture,Bookcases,Ikea Billy Bookcase,35
549,NE-2017-395290,Dec,12/26/2017,1/1/2018,6,2017,Standard Class,SL-96986,Sarah Lee,Consumer,United States,Fairview,Minnesota,40651,Central,FUR-CH-34146721,Furniture,Chairs,Global Deluxe Stacking Chair,36
550,GE-2018-839475,Oct,10/8/2018,10/12/2018,4,2018,Standard Class,JT-16314,Jessica Taylor,Corporate,United States,Fairview,Missouri,58292,Central,TEC-CO-55349550,Technology,Copiers,HP OfficeJet Pro,115
551,OR-2019-722691,Nov,11/21/2019,11/21/2019,0,2019,Same Day,DB-73912,David Brown,Consumer,United States,Los Angeles,California,67437,West,FUR-CH-55189830,Furniture,Chairs,Ergonomic Mesh Task Chair,277
552,AR-2016-603317,Mar,3/4/2016,3/7/2016,3,2016,Standard Class,DL-33335,David Lee,Consumer,United States,Fairview,Idaho,34096,West,FUR-BO-38411324,Furniture,Bookcases,Ikea Billy Bookcase,83
553,MI-2019-100893,Nov,11/9/2019,11/13/2019,4,2019,Standard Class,CW-79662,Claire Wilson,Consumer,United States,Fairview,Maryland,19295,East,TEC-CO-36871063,Technology,Copiers,Brother Laser Copier,38
554,OR-2016-131581,Oct,10/5/2016,10/6/2016,1,2016,First Class,JS-38481,John Smith,Consumer,United States,Riverside,Vermont,76004,East,TEC-CO-58864408,Technology,Copiers,Canon imageCLASS Copier,77
555,WY-2019-991778,Apr,4/9/2019,4/14/2019,5,2019,Standard Class,JJ-21161,John Jackson,Consumer,United States,Greenville,South Carolina,35524,South,OFF-ST-73269600,Office Supplies,Storage,Desktop File Organizer,50
556,MI-2017-804054,Apr,4/21/2017,4/26/2017,5,2017,Standard Class,EA-31300,Emily Anderson,Corporate,United States,Riverside,Mississippi,55319,South,OFF-PA-13086931,Office Supplies,Paper,Premium Photo Paper,19
557,MA-2018-943807,Nov,11/28/2018,11/28/2018,0,2018,Same Day,JJ-44209,James Jackson,Corporate,United States,Riverside,Iowa,66235,Central,TEC-CO-52752212,Technology,Copiers,Canon imageCLASS Copier,25
558,NE-2019-912071,Sep,9/7/2019,9/12/2019,5,2019,Standard Class,ST-71361,Sarah Taylor,Consumer,United States,Gresham,Oregon,86556,West,OFF-ST-59849144,Office Supplies,Storage,Desktop File Organizer,32
559,OR-2018-118398,Dec,12/17/2018,12/23/2018,6,2018,Standard Class,WG-41249,William Gute,Corporate,United States,Springfield,Utah,41954,West,OFF-ST-41922684,Office Supplies,Storage,Desktop File Organizer,54
560,AR-2019-812661,Jul,7/22/2019,7/28/2019,6,2019,Standard Class,WL-67449,William Lee,Consumer,United States,Riverside,Connecticut,58937,East,TEC-AC-30188591,Technology,Accessories,USB-C Hub,20
561,NE-2017-506030,Oct,10/28/2017,10/29/2017,1,2017,First Class,JJ-11593,Jessica Johnson,Consumer,United States,Cleveland,Ohio,25584,Central,OFF-ST-62012063,Office Supplies,Storage,Desktop File Organizer,21
562,RH-2015-810601,Jul,7/19/2015,7/23/2015,4,2015,Standard Class,SG-80121,Susan Garcia,Consumer,United States,Riverside,Iowa,76651,Central,OFF-PA-11977014,Office Supplies,Paper,Recycled Printer Paper,47
563,MA-2017-106044,Sep,9/8/2017,9/12/2017,4,2017,Standard Class,EL-59620,Emily Lee,Consumer,United States,Springfield,Montana,63240,West,OFF-BI-14279456,Office Supplies,Binders,Cardinal Heavyweight Binders,34
564,DI-2015-359379,Apr,4/19/2015,4/24/2015,5,2015,Standard Class,SJ-13278,Sean Johnson,Consumer,United States,Greenville,Mississippi,61635,South,OFF-PA-71898454,Office Supplies,Paper,Recycled Printer Paper,77
565,SO-2019-776190,Jan,1/10/2019,1/14/2019,4,2019,Standard Class,RG-62428,Robert Garcia,Corporate,United States,Greenville,Virginia,41731,East,OFF-PA-78134633,Office Supplies,Paper,Premium Photo Paper,14
566,AR-2016-813717,Sep,9/28/2016,9/29/2016,1,2016,First Class,JD-88198,Jessica Davis,Consumer,United States,Springfield,Michigan,71385,Central,OFF-BI-37552550,Office Supplies,Binders,Avery Durable Ring Binders,136
567,NE-2016-657742,Jul,7/12/2016,7/16/2016,4,2016,Standard Class,JM-92810,James Miller,Corporate,United States,Los Angeles,California,10871,West,OFF-PA-30621847,Office Supplies,Paper,Hammermill Copy Paper,13
568,DI-2016-371130,Jun,6/21/2016,6/21/2016,0,2016,Same Day,SJ-57681,Susan Johnson,Consumer,United States,Springfield,Louisiana,94061,South,TEC-AC-82875622,Technology,Accessories,Logitech Wireless Mouse,16
569,RH-2018-379326,Jul,7/1/2018,7/4/2018,3,2018,Standard Class,CB-27513,Claire Brown,Corporate,United States,Peoria,Illinois,34751,Central,OFF-BI-81330520,Office Supplies,Binders,Basic 3 Ring Binder,32
570,OK-2017-970086,Jul,7/13/2017,7/17/2017,4,2017,Standard Class,KM-93170,Karen Moore,Corporate,United States,Riverside,Alaska,40540,West,FUR-BO-23930474,Furniture,Bookcases,Bush Somerset Collection Bookcase,20
571,AR-2019-495290,Sep,9/27/2019,9/28/2019,1,2019,First Class,SM-52697,Susan Martinez,Consumer,United States,Springfield,New Jersey,98953,East,FUR-TA-44912860,Furniture,Tables,Conference Room Table,39
572,VI-2017-502412,Dec,12/19/2017,12/24/2017,5,2017,Standard Class,JA-99048,John Anderson,Consumer,United States,Greenville,Maryland,42713,East,FUR-TA-56097058,Furniture,Tables,Bretford CR4500 Series Slim Rectangular Table,38
573,OK-2016-597098,May,5/14/2016,5/20/2016,6,2016,Standard Class,JM-92436,John Miller,Corporate,United States,Eugene,Oregon,83402,West,TEC-AC-51061104,Technology,Accessories,Logitech Wireless Mouse,47
574,CO-2015-468551,Mar,3/28/2015,3/29/2015,1,2015,First Class,JB-55149,James Brown,Home Office,United States,Orlando,Florida,43925,South,OFF-PA-15390785,Office Supplies,Paper,Hammermill Copy Paper,20
575,DI-2015-597403,Nov,11/26/2015,12/2/2015,6,2015,Standard Class,LM-53307,Laura Martinez,Home Office,United States,Fairview,Oklahoma,50212,South,FUR-TA-82653111,Furniture,Tables,Conference Room Table,52
576,KA-2016-489101,Apr,4/10/2016,4/14/2016,4,2016,Standard Class,JM-55658,James Moore,Consumer,United States,Riverside,Mississippi,13606,South,TEC-AC-19384554,Technology,Accessories,Logitech Wireless Mouse,44
577,AR-2019-844042,Nov,11/17/2019,11/17/2019,0,2019,Same Day,WG-70880,William Garcia,Corporate,United States,Fairview,Delaware,49596,East,FUR-BO-84791716,Furniture,Bookcases,Bush Somerset Collection Bookcase,77
578,NE-2017-918145,Sep,9/15/2017,9/18/2017,3,2017,Standard Class,MM-69292,Michael Martinez,Consumer,United States,Fairview,Indiana,41985,Central,FUR-CH-61709277,Furniture,Chairs,Global Deluxe Stacking Chair,36
579,WY-2019-938898,Jun,6/19/2019,6/22/2019,3,2019,Standard Class,SW-76379,Sean Wilson,Consumer,United States,Fairview,Connecticut,42945,East,TEC-AC-80859499,Technology,Accessories,USB-C Hub,30
580,PE-2015-607866,Oct,10/11/2015,10/15/2015,4,2015,Standard Class,SM-73846,Susan Martinez,Corporate,United States,Greenville,Rhode Island,57566,East,OFF-PA-43897667,Office Supplies,Paper,Premium Photo Paper,12
581,PE-2015-497933,Oct,10/8/2015,10/13/2015,5,2015,Standard Class,CA-33376,Claire Anderson,Corporate,United States,Riverside,Michigan,33664,Central,TEC-PH-72526298,Technology,Phones,Android Smartphone,48
582,MA-2019-734715,May,5/28/2019,6/3/2019,6,2019,Standard Class,JA-10396,John Anderson,Corporate,United States,Greenville,Connecticut,12086,East,TEC-AC-56246245,Technology,Accessories,USB-C Hub,25
583,AR-2015-854490,Dec,12/28/2015,12/31/2015,3,2015,Second Class,CG-95478,Claire Garcia,Home Office,United States,Austin,Texas,25192,South,TEC-CO-79276729,Technology,Copiers,Brother Laser Copier,24
584,AL-2015-606683,Apr,4/26/2015,4/29/2015,3,2015,Standard Class,CT-16749,Claire Taylor,Consumer,United States,Sacramento,California,44044,West,FUR-BO-36450318,Furniture,Bookcases,Sauder Classic Bookcase,55
585,IL-2017-729982,Dec,12/28/2017,12/31/2017,3,2017,Second Class,KD-52127,Karen Davis,Corporate,United States,Colorado Springs,Colorado,15215,West,TEC-AC-20447169,Technology,Accessories,Logitech Wireless Mouse,18
586,NE-2019-774755,Jan,1/23/2019,1/27/2019,4,2019,Standard Class,ST-34809,Sean Taylor,Consumer,United States,Greenville,Mississippi,45682,South,TEC-PH-40651974,Technology,Phones,Cisco Unified IP Phone,124
587,AL-2018-708753,Dec,12/23/2018,12/26/2018,3,2018,Standard Class,DA-59615,David Anderson,Consumer,United States,Memphis,Tennessee,85985,South,FUR-CH-58591967,Furniture,Chairs,Ergonomic Mesh Task Chair,44
588,MA-2015-771519,Mar,3/23/2015,3/28/2015,5,2015,Standard Class,MA-99787,Michael Anderson,Consumer,United States,Springfield,Arkansas,52194,South,TEC-CO-90789458,Technology,Copiers,Brother Laser Copier,52
589,OK-2019-287780,Feb,2/14/2019,2/16/2019,2,2019,Second Class,JJ-29773,James Jackson,Home Office,United States,Springfield,Delaware,21427,East,OFF-BI-10332506,Office Supplies,Binders,Cardinal Heavyweight Binders,18
590,WI-2019-548536,Aug,8/14/2019,8/18/2019,4,2019,Standard Class,JD-97024,Jessica Davis,Consumer,United States,Springfield,Connecticut,26833,East,TEC-AC-90753162,Technology,Accessories,Noise Cancelling Headphones,84
591,PE-2019-629441,Sep,9/8/2019,9/13/2019,5,2019,Standard Class,LM-24645,Linda Moore,Consumer,United States,Gresham,Oregon,50096,West,OFF-ST-66570875,Office Supplies,Storage,Plastic Stackable Storage,33
592,SO-2019-102230,Aug,8/20/2019,8/21/2019,1,2019,First Class,ET-77462,Emily Thomas,Corporate,United States,Erie,Pennsylvania,34056,East,OFF-PA-11124779,Office Supplies,Paper,Premium Photo Paper,22
593,FL-2016-870365,Aug,8/9/2016,8/11/2016,2,2016,Second Class,ES-22321,Emily Smith,Home Office,United States,Greenville,South Dakota,18064,Central,FUR-CH-22904583,Furniture,Chairs,Global Deluxe Stacking Chair,45
594,WE-2019-649021,Apr,4/8/2019,4/13/2019,5,2019,Standard Class,DG-54196,Daniel Garcia,Home Office,United States,Springfield,Maryland,11475,East,TEC-CO-14484630,Technology,Copiers,Canon imageCLASS Copier,19
595,DE-2016-216222,Jun,6/18/2016,6/19/2016,1,2016,First Class,LG-77907,Laura Gute,Corporate,United States,Greenville,Rhode Island,70445,East,OFF-ST-42652179,Office Supplies,Storage,Fellowes Bankers Box,12
596,OH-2019-834720,May,5/13/2019,5/17/2019,4,2019,Standard Class,MJ-95983,Michael Jackson,Consumer,United States,Riverside,Idaho,93459,West,FUR-BO-92731178,Furniture,Bookcases,Bush Somerset Collection Bookcase,20
597,AL-2017-745350,Apr,4/7/2017,4/13/2017,6,2017,Standard Class,RB-30986,Robert Brown,Corporate,United States,Fairview,Virginia,75027,East,FUR-BO-87021990,Furniture,Bookcases,Bush Somerset Collection Bookcase,49
598,NO-2018-782468,Aug,8/25/2018,8/28/2018,3,2018,Standard Class,WM-26877,William Martin,Home Office,United States,Riverside,Nebraska,58838,Central,TEC-PH-81431449,Technology,Phones,Android Smartphone,53
599,MA-2018-452837,Apr,4/26/2018,4/29/2018,3,2018,Standard Class,KG-71125,Karen Garcia,Home Office,United States,Cincinnati,Ohio,52294,Central,FUR-CH-89297644,Furniture,Chairs,Global Deluxe Stacking Chair,75
600,NE-2018-868781,Jul,7/6/2018,7/11/2018,5,2018,Standard Class,LM-78219,Laura Martinez,Home Office,United States,Springfield,Indiana,16755,Central,OFF-ST-46176644,Office Supplies,Storage,Plastic Stackable Storage,19
601,MI-2018-472624,May,5/1/2018,5/3/2018,2,2018,Second Class,JD-24197,Jessica Davis,Consumer,United States,Riverside,Alabama,61291,South,TEC-PH-40729794,Technology,Phones,Apple iPhone 8,75
602,NO-2018-613457,Jan,1/11/2018,1/16/2018,5,2018,Standard Class,SD-14145,Susan Davis,Consumer,United States,Riverside,Alaska,61496,West,FUR-TA-35940362,Furniture,Tables,Conference Room Table,37
603,DI-2018-100578,Jun,6/24/2018,6/25/2018,1,2018,First Class,EG-52536,Emily Garcia,Corporate,United States,Boston,Massachusetts,43013,East,OFF-ST-64094251,Office Supplies,Storage,Fellowes Bankers Box,19
604,WI-2015-680385,Feb,2/24/2015,2/25/2015,1,2015,First Class,LM-75670,Laura Martin,Consumer,United States,Fairview,Wisconsin,98553,Central,FUR-TA-32104986,Furniture,Tables,Bretford CR4500 Series Slim Rectangular Table,50
605,NO-2019-746357,Mar,3/5/2019,3/7/2019,2,2019,Second Class,SD-75691,Sean Davis,Consumer,United States,Riverside,Rhode Island,67147,East,TEC-CO-56339159,Technology,Copiers,Brother Laser Copier,51
606,OR-2017-610397,Sep,9/24/2017,9/27/2017,3,2017,Second Class,JG-49261,Jessica Garcia,Consumer,United States,Greensboro,North Carolina,42601,South,TEC-AC-39715939,Technology,Accessories,Noise Cancelling Headphones,36
607,SO-2016-546902,Aug,8/4/2016,8/7/2016,3,2016,Second Class,JW-26090,John Wilson,Corporate,United States,Greenville,Nevada,70741,West,FUR-TA-35433766,Furniture,Tables,Conference Room Table,41
608,NE-2017-828942,Feb,2/11/2017,2/11/2017,0,2017,Same Day,RJ-71286,Robert Johnson,Home Office,United States,Greenville,Idaho,77429,West,OFF-PA-80115821,Office Supplies,Paper,Premium Photo Paper,31
609,WI-2019-713234,Jun,6/28/2019,7/1/2019,3,2019,Standard Class,LM-44881,Laura Martinez,Corporate,United States,Riverside,Maryland,12778,East,OFF-PA-36544629,Office Supplies,Paper,Recycled Printer Paper,30
610,CO-2019-350266,Apr,4/6/2019,4/10/2019,4,2019,Standard Class,LA-48522,Linda Anderson,Home Office,United States,Riverside,Connecticut,21655,East,TEC-CO-61518325,Technology,Copiers,Brother Laser Copier,41
611,WE-2019-963165,Dec,12/5/2019,12/11/2019,6,2019,Standard Class,CG-29933,Claire Gute,Corporate,United States,Riverside,Mississippi,73125,South,OFF-BI-10871517,Office Supplies,Binders,Cardinal Heavyweight Binders,15
612,MI-2017-736539,Jan,1/13/2017,1/18/2017,5,2017,Standard Class,ST-55054,Susan Thomas,Corporate,United States,Riverside,Virginia,37759,East,OFF-ST-65895699,Office Supplies,Storage,Fellowes Bankers Box,35
613,ID-2018-989144,May,5/19/2018,5/22/2018,3,2018,Standard Class,LM-91279,Linda Martinez,Consumer,United States,Springfield,Vermont,70394,East,TEC-CO-30762999,Technology,Copiers,Brother Laser Copier,33
614,HA-2016-974134,Nov,11/28/2016,11/30/2016,2,2016,Second Class,RB-74308,Robert Brown,Corporate,United States,Riverside,Wyoming,53013,West,FUR-CH-99936346,Furniture,Chairs,Global Deluxe Stacking Chair,22
615,VE-2018-927017,Apr,4/28/2018,5/4/2018,6,2018,Standard Class,KL-52589,Karen Lee,Consumer,United States,Riverside,Vermont,80119,East,OFF-PA-12418397,Office Supplies,Paper,Premium Photo Paper,29
616,MI-2018-779833,Aug,8/3/2018,8/4/2018,1,2018,First Class,DD-73362,Daniel Davis,Consumer,United States,Naperville,Illinois,14290,Central,FUR-BO-52785460,Furniture,Bookcases,Ikea Billy Bookcase,62
617,AL-2016-648485,Dec,12/5/2016,12/11/2016,6,2016,Standard Class,LD-36570,Linda Davis,Consumer,United States,Toledo,Ohio,52005,Central,OFF-ST-31933156,Office Supplies,Storage,Plastic Stackable Storage,37
618,KE-2016-254953,Aug,8/24/2016,8/28/2016,4,2016,Standard Class,JM-26103,John Moore,Home Office,United States,Riverside,Michigan,91981,Central,OFF-BI-97087245,Office Supplies,Binders,Avery Durable Ring Binders,24
619,NE-2015-589015,Mar,3/9/2015,3/13/2015,4,2015,Standard Class,LD-85744,Linda Davis,Corporate,United States,Fairview,New Hampshire,65978,East,OFF-PA-47386825,Office Supplies,Paper,Recycled Printer Paper,24
620,AR-2015-788838,Jun,6/27/2015,7/3/2015,6,2015,Standard Class,DT-91806,David Taylor,Home Office,United States,Springfield,Wyoming,89653,West,OFF-BI-22256887,Office Supplies,Binders,Avery Durable Ring Binders,49
621,WE-2017-568770,Mar,3/20/2017,3/23/2017,3,2017,Standard Class,WW-18910,William Wilson,Home Office,United States,Springfield,Montana,58700,West,FUR-BO-85059995,Furniture,Bookcases,Sauder Classic Bookcase,9
622,WI-2017-881414,Jun,6/4/2017,6/7/2017,3,2017,Standard Class,MG-71405,Michael Gute,Home Office,United States,Fairview,Montana,13220,West,FUR-BO-83878001,Furniture,Bookcases,Sauder Classic Bookcase,64
623,LO-2015-198690,Sep,9/25/2015,10/1/2015,6,2015,Standard Class,JT-25860,Jessica Thomas,Consumer,United States,Fairview,Wisconsin,94202,Central,FUR-TA-72537365,Furniture,Tables,Bretford CR4500 Series Slim Rectangular Table,13
624,MI-2017-442845,Jul,7/6/2017,7/9/2017,3,2017,Standard Class,EA-84388,Emily Anderson,Home Office,United States,Springfield,Kentucky,36304,South,TEC-CO-77393061,Technology,Copiers,Brother Laser Copier,23
625,OK-2018-555367,Feb,2/12/2018,2/18/2018,6,2018,Standard Class,JM-46227,James Miller,Home Office,United States,Springfield,Mississippi,21247,South,TEC-PH-33824369,Technology,Phones,Cisco Unified IP Phone,39
626,SO-2016-489092,Jul,7/17/2016,7/21/2016,4,2016,Standard Class,CM-21067,Claire Moore,Home Office,United States,Boston,Massachusetts,61464,East,OFF-ST-67784814,Office Supplies,Storage,Plastic Stackable Storage,122
627,MI-2016-197727,Mar,3/16/2016,3/22/2016,6,2016,Standard Class,LS-11383,Laura Smith,Consumer,United States,Chandler,Arizona,72127,West,OFF-BI-13421788,Office Supplies,Binders,Basic 3 Ring Binder,91
628,GE-2016-238175,Apr,4/21/2016,4/24/2016,3,2016,Standard Class,JG-48247,James Garcia,Consumer,United States,Greenville,Minnesota,74403,Central,TEC-CO-27720112,Technology,Copiers,Canon imageCLASS Copier,81
629,DI-2017-853854,Oct,10/20/2017,10/26/2017,6,2017,Standard Class,DL-72170,Daniel Lee,Home Office,United States,Eugene,Oregon,91021,West,TEC-CO-93905149,Technology,Copiers,HP OfficeJet Pro,66
630,NO-2016-535945,Jan,1/28/2016,1/31/2016,3,2016,Standard Class,JL-45535,John Lee,Consumer,United States,Springfield,Wisconsin,72979,Central,FUR-BO-76531175,Furniture,Bookcases,Bush Somerset Collection Bookcase,13
631,RH-2018-143850,Jan,1/28/2018,1/31/2018,3,2018,Standard Class,CL-63229,Claire Lee,Consumer,United States,Springfield,District of Columbia,78902,East,OFF-ST-30760528,Office Supplies,Storage,Desktop File Organizer,36
632,NO-2016-114842,Jan,1/16/2016,1/19/2016,3,2016,Second Class,WM-69031,William Miller,Consumer,United States,Springfield,Louisiana,29456,South,TEC-AC-20024477,Technology,Accessories,Logitech Wireless Mouse,38
633,OR-2017-526127,Feb,2/3/2017,2/3/2017,0,2017,Same Day,JS-77304,John Smith,Consumer,United States,Fairview,Wisconsin,72501,Central,FUR-TA-95402749,Furniture,Tables,Bretford CR4500 Series Slim Rectangular Table,24
634,WA-2016-247940,Sep,9/22/2016,9/23/2016,1,2016,First Class,DG-28151,David Gute,Consumer,United States,Springfield,South Dakota,33161,Central,TEC-PH-20096889,Technology,Phones,Android Smartphone,58
635,MI-2015-734612,Feb,2/28/2015,3/5/2015,5,2015,Standard Class,ET-16662,Emily Thomas,Home Office,United States,Fairview,Maine,75791,East,FUR-CH-33136304,Furniture,Chairs,"Hon Deluxe Fabric Upholstered Stacking Chairs, Rounded Back",30
636,MA-2018-815790,Apr,4/10/2018,4/16/2018,6,2018,Standard Class,DB-21279,David Brown,Home Office,United States,Greenville,Louisiana,65274,South,FUR-BO-26437059,Furniture,Bookcases,Sauder Classic Bookcase,67
637,MI-2016-305466,Apr,4/14/2016,4/17/2016,3,2016,Standard Class,LM-21661,Laura Miller,Home Office,United States,Riverside,West Virginia,40264,East,OFF-ST-10671743,Office Supplies,Storage,Fellowes Bankers Box,10
638,NE-2016-632958,Mar,3/13/2016,3/15/2016,2,2016,Second Class,LM-51673,Linda Martinez,Consumer,United States,Greenville,Wisconsin,19651,Central,FUR-TA-38272129,Furniture,Tables,Conference Room Table,42
639,AR-2018-239000,Mar,3/2/2018,3/5/2018,3,2018,Second Class,DA-65219,Daniel Anderson,Consumer,United States,Springfield,Delaware,28106,East,TEC-CO-97676097,Technology,Copiers,HP OfficeJet Pro,31
640,AL-2019-373224,May,5/21/2019,5/22/2019,1,2019,First Class,CM-35083,Claire Martinez,Consumer,United States,Fairview,Vermont,51543,East,TEC-AC-40771297,Technology,Accessories,USB-C Hub,41
641,MA-2018-899915,Oct,10/11/2018,10/12/2018,1,2018,First Class,DM-21139,David Martinez,Consumer,United States,Greenville,Louisiana,68534,South,OFF-PA-55387438,Office Supplies,Paper,Premium Photo Paper,40
642,SO-2019-589687,Apr,4/24/2019,4/30/2019,6,2019,Standard Class,JL-34429,James Lee,Consumer,United States,Fairview,Maine,29036,East,TEC-AC-77134219,Technology,Accessories,Noise Cancelling Headphones,27
643,IL-2019-897298,Sep,9/25/2019,9/27/2019,2,2019,Second Class,JT-87355,James Taylor,Corporate,United States,Salem,Oregon,32781,West,TEC-CO-59597208,Technology,Copiers,Canon imageCLASS Copier,58
644,VE-2017-302722,Nov,11/25/2017,11/26/2017,1,2017,First Class,DJ-20374,Daniel Jackson,Home Office,United States,Greenville,District of Columbia,52994,East,TEC-CO-76923234,Technology,Copiers,Canon imageCLASS Copier,47
645,ID-2018-397021,Dec,12/13/2018,12/19/2018,6,2018,Standard Class,JL-45857,Jessica Lee,Corporate,United States,Riverside,District of Columbia,91313,East,TEC-PH-69547227,Technology,Phones,Cisco Unified IP Phone,36
646,IO-2016-523856,May,5/10/2016,5/11/2016,1,2016,First Class,SJ-49827,Susan Johnson,Consumer,United States,Fairview,New Hampshire,52461,East,OFF-BI-64770671,Office Supplies,Binders,Avery Durable Ring Binders,25
647,NE-2017-532071,Mar,3/23/2017,3/29/2017,6,2017,Standard Class,JA-41441,James Anderson,Consumer,United States,Riverside,Nevada,34396,West,OFF-BI-68468400,Office Supplies,Binders,Avery Durable Ring Binders,30
648,NO-2017-997882,Sep,9/25/2017,9/25/2017,0,2017,Same Day,JM-32008,John Martinez,Consumer,United States,Springfield,Idaho,35536,West,FUR-TA-81924791,Furniture,Tables,Bretford CR4500 Series Slim Rectangular Table,25
649,WY-2019-203000,Mar,3/15/2019,3/18/2019,3,2019,Second Class,RT-31884,Robert Thomas,Consumer,United States,Springfield,New Jersey,70810,East,OFF-ST-73917224,Office Supplies,Storage,Fellowes Bankers Box,33
650,HA-2019-866767,Mar,3/27/2019,4/1/2019,5,2019,Standard Class,JT-56737,Jessica Thomas,Corporate,United States,Springfield,New Hampshire,38484,East,FUR-CH-81259742,Furniture,Chairs,Ergonomic Mesh Task Chair,34
651,CO-2017-877312,Apr,4/5/2017,4/8/2017,3,2017,Second Class,MM-81390,Michael Martinez,Consumer,United States,Gresham,Oregon,61174,West,TEC-AC-23103787,Technology,Accessories,Logitech Wireless Mouse,37
652,MI-2018-597878,Jul,7/27/2018,8/1/2018,5,2018,Standard Class,SW-71238,Susan Wilson,Corporate,United States,Riverside,District of Columbia,70165,East,OFF-BI-70990635,Office Supplies,Binders,Avery Durable Ring Binders,86
653,PE-2016-409633,Nov,11/3/2016,11/6/2016,3,2016,Second Class,ED-89996,Emily Davis,Home Office,United States,Fairview,New Jersey,66908,East,TEC-AC-76331971,Technology,Accessories,Noise Cancelling Headphones,68
654,MO-2019-567302,Apr,4/5/2019,4/8/2019,3,2019,Second Class,EW-23475,Emily Wilson,Consumer,United States,Portland,Oregon,67194,West,OFF-PA-36996978,Office Supplies,Paper,Hammermill Copy Paper,26
655,PE-2017-363220,Apr,4/17/2017,4/20/2017,3,2017,Second Class,JW-78431,James Wilson,Consumer,United States,Riverside,Hawaii,88851,West,TEC-CO-88711958,Technology,Copiers,Canon imageCLASS Copier,58
656,CA-2017-819195,Apr,4/3/2017,4/4/2017,1,2017,First Class,JB-40626,Jessica Brown,Consumer,United States,Erie,Pennsylvania,12158,East,TEC-CO-37424043,Technology,Copiers,Canon imageCLASS Copier,29
657,GE-2018-548450,Jul,7/2/2018,7/6/2018,4,2018,Standard Class,SM-21487,Sarah Moore,Consumer,United States,Fairview,Montana,59239,West,OFF-BI-31944890,Office Supplies,Binders,Basic 3 Ring Binder,25
658,IL-2018-933257,Mar,3/1/2018,3/6/2018,5,2018,Standard Class,LM-19814,Laura Moore,Corporate,United States,Fairview,North Dakota,65671,Central,TEC-CO-88038712,Technology,Copiers,Brother Laser Copier,44
659,WE-2015-660421,Feb,2/13/2015,2/19/2015,6,2015,Standard Class,ST-85851,Sean Thomas,Home Office,United States,Greenville,Nevada,33222,West,FUR-CH-32231785,Furniture,Chairs,Global Deluxe Stacking Chair,19
660,NE-2016-562886,Nov,11/24/2016,11/30/2016,6,2016,Standard Class,JA-99973,John Anderson,Home Office,United States,Toledo,Ohio,89380,Central,OFF-PA-47395221,Office Supplies,Paper,Premium Photo Paper,42
661,WE-2015-739961,Feb,2/1/2015,2/6/2015,5,2015,Standard Class,EJ-99244,Emily Johnson,Corporate,United States,Greenville,Iowa,16618,Central,OFF-PA-43113054,Office Supplies,Paper,Hammermill Copy Paper,24
662,MI-2018-553539,May,5/20/2018,5/23/2018,3,2018,Standard Class,MG-49789,Michael Garcia,Consumer,United States,Fairview,Arkansas,21169,South,TEC-PH-90825563,Technology,Phones,Apple iPhone 8,43
663,NE-2015-914054,Sep,9/25/2015,9/30/2015,5,2015,Standard Class,RL-71111,Robert Lee,Consumer,United States,Chicago,Illinois,14782,Central,TEC-CO-50971215,Technology,Copiers,Canon imageCLASS Copier,38
664,MI-2016-266001,May,5/6/2016,5/10/2016,4,2016,Standard Class,SJ-53281,Sarah Johnson,Consumer,United States,Springfield,Illinois,17850,Central,TEC-AC-72487803,Technology,Accessories,USB-C Hub,313
665,PE-2017-976012,Jan,1/5/2017,1/6/2017,1,2017,First Class,CJ-98848,Claire Johnson,Consumer,United States,Fairview,North Dakota,98321,Central,FUR-CH-81463500,Furniture,Chairs,Ergonomic Mesh Task Chair,27
666,NE-2018-830970,Jan,1/26/2018,1/29/2018,3,2018,Standard Class,RW-89990,Robert Wilson,Home Office,United States,Greenville,Kentucky,94337,South,OFF-BI-66511321,Office Supplies,Binders,Avery Durable Ring Binders,10
667,OK-2017-874659,Apr,4/25/2017,4/26/2017,1,2017,First Class,ST-74083,Sarah Taylor,Consumer,United States,Springfield,New Mexico,69481,West,TEC-PH-94932503,Technology,Phones,Cisco Unified IP Phone,20
668,WA-2019-534616,Jul,7/17/2019,7/20/2019,3,2019,Standard Class,KA-35964,Karen Anderson,Consumer,United States,Riverside,Oklahoma,21948,South,TEC-CO-82225676,Technology,Copiers,Brother Laser Copier,84
669,IN-2019-853480,Jun,6/25/2019,6/30/2019,5,2019,Standard Class,JS-89568,James Smith,Consumer,United States,Greenville,Connecticut,46393,East,OFF-PA-46018596,Office Supplies,Paper,Recycled Printer Paper,74
670,AL-2015-376096,Jan,1/3/2015,1/9/2015,6,2015,Standard Class,JS-73914,James Smith,Consumer,United States,Greenville,Utah,20257,West,OFF-BI-95573064,Office Supplies,Binders,Basic 3 Ring Binder,22
671,CO-2019-785752,Jun,6/12/2019,6/17/2019,5,2019,Standard Class,LW-40630,Linda Wilson,Home Office,United States,Riverside,Wisconsin,21766,Central,FUR-CH-57211734,Furniture,Chairs,Ergonomic Mesh Task Chair,86
672,SO-2018-226405,Jul,7/23/2018,7/27/2018,4,2018,Standard Class,JM-20952,James Martinez,Consumer,United States,Durham,North Carolina,64683,South,TEC-PH-12031959,Technology,Phones,Apple iPhone 8,83
673,AL-2018-376346,Aug,8/8/2018,8/11/2018,3,2018,Standard Class,SA-50982,Susan Anderson,Consumer,United States,Springfield,Montana,29333,West,OFF-ST-33401194,Office Supplies,Storage,Desktop File Organizer,30
674,MI-2015-501158,Apr,4/23/2015,4/28/2015,5,2015,Standard Class,ST-20851,Susan Taylor,Consumer,United States,Spokane,Washington,11157,West,FUR-TA-65955662,Furniture,Tables,Conference Room Table,34
675,PE-2018-390087,Mar,3/16/2018,3/19/2018,3,2018,Standard Class,SG-13557,Susan Garcia,Home Office,United States,Springfield,Alabama,93292,South,FUR-BO-24113341,Furniture,Bookcases,Bush Somerset Collection Bookcase,44
676,MI-2018-448315,Jul,7/23/2018,7/26/2018,3,2018,Second Class,JJ-94704,John Jackson,Corporate,United States,Greenville,Michigan,58258,Central,OFF-PA-62566123,Office Supplies,Paper,Hammermill Copy Paper,56
677,MO-2017-838093,Sep,9/14/2017,9/20/2017,6,2017,Standard Class,LB-15838,Laura Brown,Corporate,United States,Greenville,Alaska,68969,West,FUR-BO-42543821,Furniture,Bookcases,Ikea Billy Bookcase,50
678,NE-2015-331008,Apr,4/12/2015,4/13/2015,1,2015,First Class,LB-77393,Laura Brown,Consumer,United States,Springfield,Oklahoma,74303,South,FUR-TA-58094692,Furniture,Tables,Adjustable Height Table,26
679,SO-2017-770752,May,5/7/2017,5/13/2017,6,2017,Standard Class,SA-62774,Sean Anderson,Consumer,United States,Springfield,Maine,83484,East,FUR-TA-10168736,Furniture,Tables,Adjustable Height Table,36
680,MO-2019-166340,Aug,8/7/2019,8/7/2019,0,2019,Same Day,JM-46712,James Miller,Home Office,United States,Fairview,New Jersey,22713,East,OFF-PA-86357921,Office Supplies,Paper,Premium Photo Paper,109
681,CA-2018-789164,Aug,8/23/2018,8/25/2018,2,2018,Second Class,LD-69223,Linda Davis,Consumer,United States,Pittsburgh,Pennsylvania,71501,East,OFF-ST-42573293,Office Supplies,Storage,Fellowes Bankers Box,39
682,WI-2015-812820,Dec,12/4/2015,12/4/2015,0,2015,Same Day,WT-34818,William Thomas,Consumer,United States,Greenville,Michigan,61364,Central,OFF-PA-22614258,Office Supplies,Paper,Recycled Printer Paper,56
683,WI-2019-461528,Oct,10/3/2019,10/4/2019,1,2019,First Class,JJ-69493,Jessica Jackson,Corporate,United States,Springfield,Idaho,91012,West,FUR-TA-49412426,Furniture,Tables,Bretford CR4500 Series Slim Rectangular Table,55
684,MI-2019-750229,May,5/6/2019,5/9/2019,3,2019,Standard Class,KJ-40721,Karen Johnson,Consumer,United States,Greenville,Delaware,46887,East,OFF-ST-53755955,Office Supplies,Storage,Fellowes Bankers Box,39
685,MA-2015-923623,Feb,2/5/2015,2/9/2015,4,2015,Standard Class,LJ-69066,Laura Johnson,Consumer,United States,Springfield,Massachusetts,96752,East,TEC-CO-67366243,Technology,Copiers,Brother Laser Copier,57
686,MI-2019-820640,Jan,1/25/2019,1/31/2019,6,2019,Standard Class,KB-74499,Karen Brown,Home Office,United States,Fairview,Nevada,12319,West,FUR-BO-57210619,Furniture,Bookcases,Bush Somerset Collection Bookcase,68
687,SO-2017-451401,Jan,1/12/2017,1/13/2017,1,2017,First Class,EL-57632,Emily Lee,Consumer,United States,Springfield,North Dakota,64027,Central,OFF-ST-13917122,Office Supplies,Storage,Fellowes Bankers Box,51
688,UT-2017-535791,Sep,9/28/2017,9/30/2017,2,2017,Second Class,DM-66680,David Moore,Consumer,United States,Bellevue,Washington,76590,West,OFF-BI-88436108,Office Supplies,Binders,Cardinal Heavyweight Binders,39
689,NO-2017-801421,Nov,11/5/2017,11/11/2017,6,2017,Standard Class,DT-34231,Daniel Taylor,Consumer,United States,Tampa,Florida,39069,South,OFF-BI-51085803,Office Supplies,Binders,Avery Durable Ring Binders,22
690,DI-2018-363334,Dec,12/20/2018,12/21/2018,1,2018,First Class,MG-66791,Michael Garcia,Corporate,United States,Tucson,Arizona,13453,West,FUR-CH-16928899,Furniture,Chairs,Ergonomic Mesh Task Chair,50
691,VE-2019-823493,Mar,3/14/2019,3/17/2019,3,2019,Standard Class,DS-80254,Daniel Smith,Consumer,United States,Fairview,Delaware,66111,East,FUR-TA-79554540,Furniture,Tables,Adjustable Height Table,38
692,NE-2018-395263,Dec,12/12/2018,12/14/2018,2,2018,Second Class,EJ-75191,Emily Jackson,Consumer,United States,Greenville,Utah,93017,West,TEC-CO-84779832,Technology,Copiers,HP OfficeJet Pro,44
693,AL-2019-825390,Mar,3/27/2019,3/29/2019,2,2019,Second Class,LA-57474,Linda Anderson,Corporate,United States,Greenville,Delaware,11934,East,OFF-ST-69284993,Office Supplies,Storage,Desktop File Organizer,165
694,CO-2019-178120,Dec,12/28/2019,1/3/2020,6,2019,Standard Class,SD-87249,Susan Davis,Corporate,United States,Greenville,Wisconsin,29675,Central,OFF-BI-15508852,Office Supplies,Binders,Basic 3 Ring Binder,13
695,NE-2015-139957,Dec,12/27/2015,12/30/2015,3,2015,Second Class,JG-32061,John Gute,Home Office,United States,Mesa,Arizona,95174,West,OFF-BI-87838602,Office Supplies,Binders,Basic 3 Ring Binder,59
696,RH-2016-997906,Jun,6/6/2016,6/7/2016,1,2016,First Class,JA-98542,Jessica Anderson,Consumer,United States,Greenville,West Virginia,69796,East,OFF-PA-78577257,Office Supplies,Paper,Premium Photo Paper,20
697,IN-2018-882510,Aug,8/7/2018,8/11/2018,4,2018,Standard Class,JM-59905,James Martinez,Consumer,United States,Dallas,Texas,56878,South,FUR-BO-28112454,Furniture,Bookcases,Sauder Classic Bookcase,43
698,SO-2017-894561,Jun,6/20/2017,6/25/2017,5,2017,Standard Class,DG-63565,David Gute,Corporate,United States,Riverside,Connecticut,56278,East,FUR-TA-42340827,Furniture,Tables,Adjustable Height Table,186
699,MA-2015-956151,Dec,12/9/2015,12/14/2015,5,2015,Standard Class,KT-82031,Karen Taylor,Corporate,United States,Fairview,Utah,46255,West,TEC-CO-51572935,Technology,Copiers,HP OfficeJet Pro,30
700,HA-2015-494484,Apr,4/23/2015,4/26/2015,3,2015,Second Class,DA-72201,Daniel Anderson,Consumer,United States,Riverside,Kansas,13220,Central,OFF-ST-68000749,Office Supplies,Storage,Desktop File Organizer,21
701,MI-2017-358151,Jan,1/17/2017,1/22/2017,5,2017,Standard Class,JJ-35606,Jessica Johnson,Corporate,United States,Fort Collins,Colorado,19185,West,OFF-BI-96969459,Office Supplies,Binders,Basic 3 Ring Binder,33
702,NE-2018-217022,Sep,9/17/2018,9/18/2018,1,2018,First Class,SW-31411,Sarah Wilson,Consumer,United States,Bellevue,Washington,13183,West,FUR-TA-13107805,Furniture,Tables,Bretford CR4500 Series Slim Rectangular Table,24
703,WA-2015-551087,May,5/25/2015,5/26/2015,1,2015,First Class,JM-66346,James Martin,Home Office,United States,Riverside,Vermont,47581,East,TEC-PH-68842325,Technology,Phones,Android Smartphone,90
704,SO-2015-298043,May,5/22/2015,5/25/2015,3,2015,Standard Class,SM-31301,Susan Martin,Home Office,United States,Rochester,New York,49020,East,FUR-TA-88116647,Furniture,Tables,Conference Room Table,29
705,VE-2015-941994,Jun,6/1/2015,6/5/2015,4,2015,Standard Class,JM-56860,John Moore,Consumer,United States,Gresham,Oregon,11499,West,FUR-CH-32587000,Furniture,Chairs,Global Deluxe Stacking Chair,59
706,TE-2017-103602,Jul,7/2/2017,7/5/2017,3,2017,Second Class,SM-42480,Susan Miller,Home Office,United States,San Antonio,Texas,72048,South,FUR-CH-26761972,Furniture,Chairs,Global Deluxe Stacking Chair,18
707,VI-2015-228876,Dec,12/19/2015,12/21/2015,2,2015,Second Class,DT-30064,Daniel Thomas,Home Office,United States,Greenville,Michigan,22582,Central,TEC-PH-73313672,Technology,Phones,Cisco Unified IP Phone,18
708,HA-2017-321828,May,5/15/2017,5/19/2017,4,2017,Standard Class,WT-24316,William Thomas,Consumer,United States,Springfield,Alabama,45731,South,OFF-ST-87468568,Office Supplies,Storage,Desktop File Organizer,29
709,WI-2017-279060,Aug,8/8/2017,8/11/2017,3,2017,Standard Class,SG-61381,Sean Garcia,Consumer,United States,Fairview,Rhode Island,80465,East,FUR-BO-65838378,Furniture,Bookcases,Sauder Classic Bookcase,16
710,HA-2017-303200,Apr,4/13/2017,4/19/2017,6,2017,Standard Class,SJ-31208,Susan Johnson,Corporate,United States,Greenville,Vermont,48471,East,FUR-CH-96009737,Furniture,Chairs,"Hon Deluxe Fabric Upholstered Stacking Chairs, Rounded Back",99
711,DE-2018-690442,Apr,4/23/2018,4/23/2018,0,2018,Same Day,EG-11058,Emily Gute,Consumer,United States,Greenville,Louisiana,15360,South,OFF-ST-78393477,Office Supplies,Storage,Desktop File Organizer,13
712,MA-2017-394760,Feb,2/24/2017,2/27/2017,3,2017,Standard Class,EG-38642,Emily Gute,Consumer,United States,Mesa,Arizona,18940,West,OFF-ST-44530159,Office Supplies,Storage,Fellowes Bankers Box,18
713,WE-2018-653521,May,5/17/2018,5/18/2018,1,2018,First Class,JG-65603,Jessica Gute,Consumer,United States,Riverside,Delaware,44393,East,TEC-PH-85217624,Technology,Phones,Apple iPhone 8,68
714,WA-2018-901231,Feb,2/11/2018,2/14/2018,3,2018,Standard Class,JW-66398,Jessica Wilson,Home Office,United States,Fairview,Oklahoma,34871,South,FUR-CH-88466314,Furniture,Chairs,Global Deluxe Stacking Chair,28
715,AL-2019-642300,Oct,10/9/2019,10/10/2019,1,2019,First Class,DM-25194,David Miller,Consumer,United States,Pittsburgh,Pennsylvania,88696,East,TEC-PH-17725954,Technology,Phones,Cisco Unified IP Phone,21
716,OH-2018-725078,Feb,2/15/2018,2/20/2018,5,2018,Standard Class,ET-88551,Emily Thomas,Corporate,United States,Greenville,Mississippi,40628,South,TEC-CO-26221018,Technology,Copiers,Brother Laser Copier,180
717,VE-2017-428952,Feb,2/9/2017,2/12/2017,3,2017,Standard Class,JW-46909,James Wilson,Consumer,United States,Pittsburgh,Pennsylvania,55819,East,OFF-ST-21663502,Office Supplies,Storage,Plastic Stackable Storage,18
718,MA-2017-243764,Jun,6/17/2017,6/18/2017,1,2017,First Class,JG-51858,John Gute,Consumer,United States,Riverside,New Hampshire,26410,East,FUR-CH-67869501,Furniture,Chairs,Ergonomic Mesh Task Chair,35
719,LO-2016-388525,Aug,8/21/2016,8/22/2016,1,2016,First Class,RJ-79114,Robert Johnson,Home Office,United States,Riverside,Mississippi,95381,South,TEC-PH-71827140,Technology,Phones,Apple iPhone 8,47
720,PE-2017-967853,Nov,11/2/2017,11/6/2017,4,2017,Standard Class,DL-92259,David Lee,Consumer,United States,Greenville,Hawaii,59344,West,OFF-BI-83819435,Office Supplies,Binders,Avery Durable Ring Binders,51
721,VI-2015-659629,May,5/1/2015,5/5/2015,4,2015,Standard Class,SJ-79126,Sean Jackson,Consumer,United States,Raleigh,North Carolina,39114,South,FUR-BO-86885928,Furniture,Bookcases,Sauder Classic Bookcase,52
722,HA-2019-349759,Jan,1/7/2019,1/10/2019,3,2019,Standard Class,SA-37966,Susan Anderson,Consumer,United States,San Diego,California,50936,West,FUR-TA-65857879,Furniture,Tables,Adjustable Height Table,24
723,SO-2019-505823,Aug,8/27/2019,9/2/2019,6,2019,Standard Class,DS-32041,David Smith,Corporate,United States,New York City,New York,70987,East,TEC-CO-32993784,Technology,Copiers,Canon imageCLASS Copier,44
724,MO-2015-851960,Oct,10/20/2015,10/25/2015,5,2015,Standard Class,MJ-39952,Michael Johnson,Consumer,United States,Springfield,Michigan,98820,Central,OFF-BI-84549415,Office Supplies,Binders,Basic 3 Ring Binder,29
725,MA-2018-701598,Oct,10/6/2018,10/7/2018,1,2018,First Class,JA-59853,Jessica Anderson,Consumer,United States,Fairview,Michigan,40779,Central,TEC-AC-31169790,Technology,Accessories,Noise Cancelling Headphones,83
726,MA-2015-604586,Nov,11/27/2015,11/30/2015,3,2015,Standard Class,SJ-92744,Susan Johnson,Consumer,United States,Springfield,Alabama,25094,South,OFF-PA-39999810,Office Supplies,Paper,Recycled Printer Paper,16
727,TE-2018-896645,Feb,2/14/2018,2/17/2018,3,2018,Second Class,MM-50858,Michael Miller,Consumer,United States,Jacksonville,Florida,58339,South,OFF-PA-44124169,Office Supplies,Paper,Recycled Printer Paper,111
728,NE-2015-705194,Oct,10/15/2015,10/20/2015,5,2015,Standard Class,CB-86944,Claire Brown,Consumer,United States,Greenville,Missouri,96031,Central,FUR-BO-93207038,Furniture,Bookcases,Bush Somerset Collection Bookcase,25
729,AL-2017-678456,Nov,11/28/2017,12/3/2017,5,2017,Standard Class,MT-54082,Michael Thomas,Corporate,United States,Springfield,Iowa,44270,Central,OFF-ST-51550049,Office Supplies,Storage,Desktop File Organizer,33
730,MO-2018-270791,Jun,6/2/2018,6/5/2018,3,2018,Second Class,EA-63594,Emily Anderson,Consumer,United States,Greenville,New Jersey,54609,East,FUR-BO-16414258,Furniture,Bookcases,Ikea Billy Bookcase,20
731,NE-2018-195749,May,5/7/2018,5/13/2018,6,2018,Standard Class,EJ-92512,Emily Johnson,Consumer,United States,Riverside,Arkansas,61308,South,OFF-PA-68417901,Office Supplies,Paper,Hammermill Copy Paper,15
732,NO-2017-968626,Jun,6/18/2017,6/20/2017,2,2017,Second Class,WM-52402,William Martin,Corporate,United States,Riverside,Minnesota,94486,Central,FUR-TA-76995381,Furniture,Tables,Conference Room Table,24
733,WE-2019-638971,Jun,6/6/2019,6/10/2019,4,2019,Standard Class,LB-60895,Linda Brown,Corporate,United States,Gresham,Oregon,66257,West,OFF-BI-10996321,Office Supplies,Binders,Cardinal Heavyweight Binders,19
734,TE-2018-474114,Apr,4/21/2018,4/22/2018,1,2018,First Class,JB-29633,Jessica Brown,Consumer,United States,Riverside,Louisiana,42489,South,OFF-PA-26296283,Office Supplies,Paper,Premium Photo Paper,26
735,RH-2016-630118,Jan,1/7/2016,1/10/2016,3,2016,Second Class,RA-33527,Robert Anderson,Consumer,United States,Springfield,Delaware,73810,East,FUR-BO-21710161,Furniture,Bookcases,Bush Somerset Collection Bookcase,22
736,MA-2018-155630,Nov,11/3/2018,11/4/2018,1,2018,First Class,DA-24997,David Anderson,Consumer,United States,Springfield,Rhode Island,72834,East,FUR-TA-56337489,Furniture,Tables,Conference Room Table,60
737,IN-2018-839913,May,5/7/2018,5/13/2018,6,2018,Standard Class,LG-68834,Linda Gute,Home Office,United States,Fairview,Rhode Island,80782,East,TEC-CO-29646368,Technology,Copiers,HP OfficeJet Pro,33
738,NE-2016-294980,Feb,2/12/2016,2/17/2016,5,2016,Standard Class,KA-79661,Karen Anderson,Consumer,United States,Greenville,Arkansas,59768,South,FUR-BO-27213471,Furniture,Bookcases,Sauder Classic Bookcase,23
739,NE-2018-824090,Jul,7/6/2018,7/9/2018,3,2018,Standard Class,DA-85678,Daniel Anderson,Consumer,United States,Rochester,New York,53863,East,FUR-TA-28472226,Furniture,Tables,Adjustable Height Table,31
740,VI-2019-580940,Jan,1/5/2019,1/9/2019,4,2019,Standard Class,SM-46255,Sarah Moore,Consumer,United States,Fairview,District of Columbia,17998,East,FUR-TA-97215157,Furniture,Tables,Adjustable Height Table,72
741,MI-2019-348914,Aug,8/26/2019,8/31/2019,5,2019,Standard Class,SJ-65089,Susan Johnson,Consumer,United States,Portland,Oregon,75069,West,OFF-BI-67124505,Office Supplies,Binders,Cardinal Heavyweight Binders,38
742,NE-2018-127188,Mar,3/10/2018,3/13/2018,3,2018,Standard Class,RM-28392,Robert Miller,Consumer,United States,Greenville,Maryland,14846,East,TEC-PH-21712683,Technology,Phones,Apple iPhone 8,50
743,UT-2018-834249,May,5/11/2018,5/17/2018,6,2018,Standard Class,LT-77947,Linda Thomas,Consumer,United States,Tucson,Arizona,64737,West,FUR-TA-47414459,Furniture,Tables,Bretford CR4500 Series Slim Rectangular Table,17
744,IO-2016-258813,Mar,3/2/2016,3/8/2016,6,2016,Standard Class,SM-36213,Susan Miller,Corporate,United States,Cincinnati,Ohio,76174,Central,OFF-PA-11186108,Office Supplies,Paper,Hammermill Copy Paper,17
745,VE-2018-146624,Jul,7/11/2018,7/17/2018,6,2018,Standard Class,LM-80615,Laura Martinez,Corporate,United States,Riverside,Mississippi,17547,South,OFF-ST-37062342,Office Supplies,Storage,Desktop File Organizer,15
746,MI-2016-780289,May,5/8/2016,5/11/2016,3,2016,Standard Class,KG-64075,Karen Garcia,Corporate,United States,Fairview,Connecticut,52231,East,FUR-TA-64270552,Furniture,Tables,Adjustable Height Table,87
747,PE-2017-415038,Dec,12/19/2017,12/24/2017,5,2017,Standard Class,LD-63617,Linda Davis,Corporate,United States,Springfield,Alabama,40886,South,TEC-CO-87846687,Technology,Copiers,Brother Laser Copier,73
748,HA-2016-450400,Jun,6/7/2016,6/10/2016,3,2016,Second Class,JB-85593,James Brown,Consumer,United States,Raleigh,North Carolina,98027,South,TEC-CO-47215242,Technology,Copiers,HP OfficeJet Pro,32
749,NE-2016-322360,Oct,10/27/2016,11/1/2016,5,2016,Standard Class,RJ-52102,Robert Jackson,Home Office,United States,San Francisco,California,97422,West,FUR-CH-29438213,Furniture,Chairs,"Hon Deluxe Fabric Upholstered Stacking Chairs, Rounded Back",28
750,NE-2015-873259,Jan,1/28/2015,2/3/2015,6,2015,Standard Class,DB-67150,Daniel Brown,Corporate,United States,Riverside,West Virginia,72303,East,OFF-BI-37021672,Office Supplies,Binders,Avery Durable Ring Binders,20
751,NO-2019-367596,Sep,9/3/2019,9/7/2019,4,2019,Standard Class,EW-80988,Emily Wilson,Home Office,United States,Greenville,West Virginia,85807,East,FUR-CH-23578901,Furniture,Chairs,Ergonomic Mesh Task Chair,23
752,FL-2015-289173,Oct,10/4/2015,10/7/2015,3,2015,Second Class,JD-38989,John Davis,Corporate,United States,Springfield,District of Columbia,47881,East,FUR-CH-69245013,Furniture,Chairs,Ergonomic Mesh Task Chair,52
753,AL-2015-378324,Jan,1/4/2015,1/9/2015,5,2015,Standard Class,SW-56479,Sarah Wilson,Consumer,United States,Riverside,Louisiana,97907,South,OFF-PA-13380483,Office Supplies,Paper,Recycled Printer Paper,28
754,IL-2019-282834,Jun,6/19/2019,6/22/2019,3,2019,Second Class,CM-10671,Claire Miller,Consumer,United States,Springfield,Maine,52910,East,OFF-ST-85811758,Office Supplies,Storage,Fellowes Bankers Box,115
755,NO-2017-385889,May,5/4/2017,5/4/2017,0,2017,Same Day,LM-16113,Laura Moore,Consumer,United States,Los Angeles,California,28612,West,OFF-BI-38673519,Office Supplies,Binders,Basic 3 Ring Binder,70
756,TE-2017-174642,Mar,3/26/2017,4/1/2017,6,2017,Standard Class,CT-57231,Claire Taylor,Consumer,United States,Peoria,Illinois,28170,Central,FUR-TA-44147612,Furniture,Tables,Conference Room Table,87
757,VI-2018-242676,Dec,12/23/2018,12/24/2018,1,2018,First Class,MW-31281,Michael Wilson,Consumer,United States,Greenville,New Mexico,99452,West,FUR-TA-93179260,Furniture,Tables,Conference Room Table,59
758,MI-2016-475347,Feb,2/23/2016,2/25/2016,2,2016,Second Class,SB-90614,Susan Brown,Consumer,United States,Greenville,Delaware,25292,East,TEC-CO-40895858,Technology,Copiers,HP OfficeJet Pro,41
759,MI-2015-891519,Sep,9/16/2015,9/22/2015,6,2015,Standard Class,DJ-60554,David Johnson,Consumer,United States,Springfield,Virginia,49340,East,TEC-CO-86823430,Technology,Copiers,Canon imageCLASS Copier,76
760,IL-2018-151561,Feb,2/28/2018,3/3/2018,3,2018,Standard Class,JM-78668,James Martin,Home Office,United States,Riverside,Nebraska,80050,Central,FUR-BO-54175330,Furniture,Bookcases,Ikea Billy Bookcase,32
761,AL-2015-291407,Jun,6/2/2015,6/4/2015,2,2015,Second Class,WJ-29674,William Johnson,Corporate,United States,Pittsburgh,Pennsylvania,25035,East,OFF-ST-47991801,Office Supplies,Storage,Desktop File Organizer,88
762,AL-2017-917510,Mar,3/13/2017,3/13/2017,0,2017,Same Day,WS-38460,William Smith,Corporate,United States,Greenville,District of Columbia,91409,East,OFF-PA-54474951,Office Supplies,Paper,Hammermill Copy Paper,42
763,RH-2019-901012,Jan,1/10/2019,1/15/2019,5,2019,Standard Class,RD-47873,Robert Davis,Consumer,United States,Riverside,Nevada,72590,West,TEC-PH-36438692,Technology,Phones,Apple iPhone 8,62
764,HA-2019-711505,Jun,6/28/2019,7/1/2019,3,2019,Standard Class,SS-99899,Susan Smith,Corporate,United States,Greenville,District of Columbia,52737,East,OFF-ST-31914193,Office Supplies,Storage,Plastic Stackable Storage,36
765,DI-2016-316425,Feb,2/17/2016,2/19/2016,2,2016,Second Class,JJ-82898,Jessica Johnson,Home Office,United States,Columbus,Ohio,64535,Central,TEC-CO-17620586,Technology,Copiers,Canon imageCLASS Copier,151
766,HA-2018-477829,Nov,11/25/2018,11/30/2018,5,2018,Standard Class,LM-24320,Laura Martin,Corporate,United States,Fairview,Wisconsin,81976,Central,FUR-BO-13395644,Furniture,Bookcases,Sauder Classic Bookcase,17
767,MA-2018-290098,Dec,12/6/2018,12/9/2018,3,2018,Second Class,DM-82599,Daniel Martin,Corporate,United States,Erie,Pennsylvania,52429,East,OFF-BI-64562230,Office Supplies,Binders,Avery Durable Ring Binders,100
768,MA-2017-215729,Oct,10/28/2017,10/31/2017,3,2017,Standard Class,SJ-47951,Susan Jackson,Consumer,United States,Fairview,Nevada,47984,West,TEC-CO-50918138,Technology,Copiers,HP OfficeJet Pro,47
769,NO-2015-441998,Apr,4/15/2015,4/17/2015,2,2015,Second Class,KM-79424,Karen Martinez,Consumer,United States,Cincinnati,Ohio,67331,Central,FUR-CH-43142007,Furniture,Chairs,Global Deluxe Stacking Chair,17
770,UT-2016-618238,Jul,7/15/2016,7/16/2016,1,2016,First Class,SM-83512,Sean Martinez,Corporate,United States,Riverside,Iowa,57868,Central,FUR-CH-52478852,Furniture,Chairs,"Hon Deluxe Fabric Upholstered Stacking Chairs, Rounded Back",25
771,MI-2018-423939,Apr,4/28/2018,4/30/2018,2,2018,Second Class,RL-15065,Robert Lee,Home Office,United States,Chandler,Arizona,32835,West,TEC-PH-13197958,Technology,Phones,Cisco Unified IP Phone,20
772,KE-2019-649741,Dec,12/12/2019,12/15/2019,3,2019,Second Class,RT-59466,Robert Thomas,Consumer,United States,Springfield,Virginia,81924,East,TEC-PH-30570629,Technology,Phones,Android Smartphone,78
773,SO-2015-366628,Oct,10/12/2015,10/14/2015,2,2015,Second Class,LW-55740,Linda Wilson,Consumer,United States,Chandler,Arizona,64781,West,TEC-PH-83394595,Technology,Phones,Apple iPhone 8,28
774,OR-2018-411265,Oct,10/18/2018,10/19/2018,1,2018,First Class,CM-25175,Claire Martinez,Consumer,United States,Fairview,Connecticut,41365,East,TEC-PH-70289303,Technology,Phones,Android Smartphone,59
775,GE-2019-811605,Jun,6/4/2019,6/5/2019,1,2019,First Class,SS-91601,Sarah Smith,Consumer,United States,Fairview,Minnesota,14720,Central,TEC-PH-26885883,Technology,Phones,Apple iPhone 8,105
776,TE-2019-890482,Aug,8/10/2019,8/15/2019,5,2019,Standard Class,MD-23042,Michael Davis,Home Office,United States,Riverside,Nebraska,34263,Central,FUR-CH-44312789,Furniture,Chairs,"Hon Deluxe Fabric Upholstered Stacking Chairs, Rounded Back",27
777,DI-2017-389830,Mar,3/6/2017,3/9/2017,3,2017,Second Class,SJ-35531,Susan Jackson,Corporate,United States,Fairview,Nebraska,60431,Central,OFF-ST-65634916,Office Supplies,Storage,Plastic Stackable Storage,28
778,GE-2015-614363,Dec,12/4/2015,12/10/2015,6,2015,Standard Class,RM-66121,Robert Martin,Consumer,United States,Greenville,North Dakota,28527,Central,TEC-PH-37764654,Technology,Phones,Android Smartphone,24
779,MA-2016-350345,Oct,10/26/2016,10/27/2016,1,2016,First Class,CB-44816,Claire Brown,Consumer,United States,Greenville,Hawaii,56745,West,TEC-AC-50423310,Technology,Accessories,Noise Cancelling Headphones,42
780,TE-2019-148001,Jan,1/18/2019,1/20/2019,2,2019,Second Class,MJ-55285,Michael Johnson,Consumer,United States,Greenville,Kentucky,44398,South,FUR-TA-76187564,Furniture,Tables,Bretford CR4500 Series Slim Rectangular Table,186
781,NE-2019-764070,Jul,7/11/2019,7/17/2019,6,2019,Standard Class,JL-47168,John Lee,Consumer,United States,Greenville,Maryland,69395,East,FUR-CH-46478134,Furniture,Chairs,"Hon Deluxe Fabric Upholstered Stacking Chairs, Rounded Back",63
782,WA-2018-253902,Sep,9/13/2018,9/16/2018,3,2018,Standard Class,EJ-50747,Emily Johnson,Corporate,United States,Riverside,District of Columbia,60689,East,TEC-AC-79399618,Technology,Accessories,Logitech Wireless Mouse,45
783,SO-2015-483140,Jun,6/13/2015,6/16/2015,3,2015,Standard Class,LM-63779,Linda Martinez,Home Office,United States,Fairview,Oklahoma,57259,South,FUR-TA-24989697,Furniture,Tables,Bretford CR4500 Series Slim Rectangular Table,28
784,SO-2015-538340,Oct,10/19/2015,10/21/2015,2,2015,Second Class,LW-30098,Linda Wilson,Corporate,United States,Greenville,New Jersey,81310,East,FUR-BO-18043851,Furniture,Bookcases,Bush Somerset Collection Bookcase,39
785,AR-2017-266024,May,5/28/2017,5/31/2017,3,2017,Standard Class,JG-52729,John Garcia,Consumer,United States,Springfield,Nevada,72514,West,TEC-AC-80524364,Technology,Accessories,USB-C Hub,57
786,NO-2017-185099,Oct,10/28/2017,11/3/2017,6,2017,Standard Class,WM-41499,William Miller,Corporate,United States,Greenville,Nebraska,76971,Central,OFF-PA-61309857,Office Supplies,Paper,Recycled Printer Paper,26
787,MI-2015-413211,Sep,9/12/2015,9/13/2015,1,2015,First Class,JT-85753,James Thomas,Corporate,United States,Fairview,Iowa,40195,Central,FUR-TA-27284194,Furniture,Tables,Adjustable Height Table,55
788,DE-2018-957056,Oct,10/10/2018,10/12/2018,2,2018,Second Class,WD-62321,William Davis,Consumer,United States,Cincinnati,Ohio,69730,Central,FUR-BO-70469528,Furniture,Bookcases,Bush Somerset Collection Bookcase,22
789,MI-2017-653621,Apr,4/14/2017,4/19/2017,5,2017,Standard Class,JD-42380,John Davis,Corporate,United States,Fairview,Montana,46571,West,FUR-BO-19452317,Furniture,Bookcases,Bush Somerset Collection Bookcase,22
790,MA-2015-443268,Dec,12/18/2015,12/22/2015,4,2015,Standard Class,CM-93975,Claire Moore,Corporate,United States,Fairview,Minnesota,14049,Central,TEC-AC-62454822,Technology,Accessories,Logitech Wireless Mouse,66
791,MI-2015-135019,May,5/14/2015,5/14/2015,0,2015,Same Day,SD-56604,Sean Davis,Home Office,United States,Springfield,New Mexico,17477,West,OFF-PA-29655669,Office Supplies,Paper,Recycled Printer Paper,16
792,HA-2017-640245,Apr,4/20/2017,4/22/2017,2,2017,Second Class,DM-47467,David Martin,Consumer,United States,Fairview,Indiana,55936,Central,FUR-CH-51984975,Furniture,Chairs,Global Deluxe Stacking Chair,62
793,WI-2018-183031,May,5/17/2018,5/19/2018,2,2018,Second Class,SJ-84725,Sarah Jackson,Consumer,United States,Fairview,Virginia,95964,East,OFF-BI-58070444,Office Supplies,Binders,Avery Durable Ring Binders,33
794,OK-2019-588289,May,5/10/2019,5/13/2019,3,2019,Standard Class,MM-47100,Michael Moore,Consumer,United States,Houston,Texas,45366,South,FUR-CH-30830078,Furniture,Chairs,Global Deluxe Stacking Chair,13
795,HA-2017-776754,Dec,12/11/2017,12/15/2017,4,2017,Standard Class,CT-85185,Claire Taylor,Consumer,United States,Charlotte,North Carolina,36977,South,FUR-CH-48203183,Furniture,Chairs,"Hon Deluxe Fabric Upholstered Stacking Chairs, Rounded Back",42
796,SO-2016-481226,Jan,1/12/2016,1/17/2016,5,2016,Standard Class,EG-42791,Emily Garcia,Consumer,United States,Aurora,Colorado,37891,West,FUR-TA-30111466,Furniture,Tables,Conference Room Table,14
797,PE-2019-369470,Jul,7/3/2019,7/6/2019,3,2019,Second Class,SM-12035,Sean Martin,Corporate,United States,Fairview,Utah,70373,West,OFF-PA-54767153,Office Supplies,Paper,Premium Photo Paper,50
798,MI-2017-142645,Apr,4/5/2017,4/9/2017,4,2017,Standard Class,RG-72043,Robert Gute,Consumer,United States,Greenville,Indiana,29130,Central,FUR-CH-72912922,Furniture,Chairs,Ergonomic Mesh Task Chair,34
799,RH-2016-122300,Jul,7/22/2016,7/28/2016,6,2016,Standard Class,JA-64554,James Anderson,Consumer,United States,Miami,Florida,31552,South,OFF-BI-40722883,Office Supplies,Binders,Avery Durable Ring Binders,101
800,OR-2017-487023,Dec,12/12/2017,12/15/2017,3,2017,Second Class,LM-87563,Laura Martin,Home Office,United States,Riverside,Wyoming,96370,West,OFF-PA-22514247,Office Supplies,Paper,Hammermill Copy Paper,63
801,NO-2015-895009,Nov,11/7/2015,11/8/2015,1,2015,First Class,SW-83692,Susan Wilson,Corporate,United States,Springfield,Rhode Island,13848,East,OFF-BI-62415708,Office Supplies,Binders,Basic 3 Ring Binder,18
802,AR-2016-319656,Oct,10/17/2016,10/19/2016,2,2016,Second Class,MA-12051,Michael Anderson,Consumer,United States,Riverside,Maine,99182,East,FUR-CH-60840595,Furniture,Chairs,"Hon Deluxe Fabric Upholstered Stacking Chairs, Rounded Back",12
803,NE-2017-616649,Oct,10/23/2017,10/27/2017,4,2017,Standard Class,JW-76879,James Wilson,Corporate,United States,Riverside,New Jersey,93201,East,FUR-BO-64313798,Furniture,Bookcases,Sauder Classic Bookcase,25
804,SO-2019-715874,Jul,7/8/2019,7/11/2019,3,2019,Standard Class,LJ-50548,Laura Johnson,Consumer,United States,Riverside,Iowa,12844,Central,FUR-BO-25757632,Furniture,Bookcases,Bush Somerset Collection Bookcase,19
805,IL-2018-154746,Jul,7/25/2018,7/31/2018,6,2018,Standard Class,LS-84020,Laura Smith,Consumer,United States,Worcester,Massachusetts,79303,East,OFF-BI-65316265,Office Supplies,Binders,Avery Durable Ring Binders,99
806,AR-2018-237790,Dec,12/28/2018,1/3/2019,6,2018,Standard Class,MW-55898,Michael Wilson,Corporate,United States,Riverside,Virginia,27531,East,TEC-PH-52203508,Technology,Phones,Cisco Unified IP Phone,53
807,IO-2017-398148,Mar,3/18/2017,3/22/2017,4,2017,Standard Class,DM-41407,Daniel Moore,Consumer,United States,Springfield,Kentucky,69717,South,FUR-CH-44873411,Furniture,Chairs,"Hon Deluxe Fabric Upholstered Stacking Chairs, Rounded Back",70
808,HA-2015-703083,Feb,2/19/2015,2/24/2015,5,2015,Standard Class,WD-65092,William Davis,Consumer,United States,Fairview,District of Columbia,61671,East,TEC-AC-18128561,Technology,Accessories,Logitech Wireless Mouse,45
809,AR-2016-495131,Dec,12/2/2016,12/5/2016,3,2016,Second Class,DT-40596,David Taylor,Consumer,United States,Eugene,Oregon,40513,West,TEC-PH-44719678,Technology,Phones,Cisco Unified IP Phone,48
810,TE-2019-760774,Aug,8/28/2019,8/29/2019,1,2019,First Class,JM-20503,James Miller,Home Office,United States,Riverside,Mississippi,10698,South,FUR-BO-72512847,Furniture,Bookcases,Bush Somerset Collection Bookcase,39
811,NE-2015-880837,Nov,11/12/2015,11/12/2015,0,2015,Same Day,CJ-26210,Claire Jackson,Consumer,United States,Buffalo,New York,43361,East,FUR-BO-43268584,Furniture,Bookcases,Bush Somerset Collection Bookcase,77
812,CO-2019-782534,Feb,2/26/2019,3/3/2019,5,2019,Standard Class,JM-79002,Jessica Moore,Corporate,United States,San Antonio,Texas,75556,South,FUR-CH-62558931,Furniture,Chairs,Ergonomic Mesh Task Chair,48
813,FL-2018-993021,Dec,12/18/2018,12/21/2018,3,2018,Standard Class,LG-46636,Linda Gute,Consumer,United States,Fairview,North Dakota,33643,Central,FUR-BO-18194445,Furniture,Bookcases,Sauder Classic Bookcase,21
814,OH-2016-778924,Dec,12/1/2016,12/7/2016,6,2016,Standard Class,RT-66036,Robert Thomas,Corporate,United States,Springfield,West Virginia,29012,East,OFF-PA-99454371,Office Supplies,Paper,Premium Photo Paper,88
815,MI-2018-866960,Aug,8/2/2018,8/8/2018,6,2018,Standard Class,RL-19582,Robert Lee,Consumer,United States,Tucson,Arizona,78451,West,FUR-BO-51467255,Furniture,Bookcases,Sauder Classic Bookcase,33
816,MI-2019-849128,Dec,12/21/2019,12/27/2019,6,2019,Standard Class,JL-59886,John Lee,Consumer,United States,Miami,Florida,12351,South,TEC-AC-36167844,Technology,Accessories,Logitech Wireless Mouse,40
817,DI-2015-757238,Nov,11/17/2015,11/23/2015,6,2015,Standard Class,DM-62473,David Martinez,Corporate,United States,Riverside,Missouri,30110,Central,OFF-PA-85481565,Office Supplies,Paper,Recycled Printer Paper,6
818,MA-2015-821620,Jan,1/1/2015,1/4/2015,3,2015,Second Class,CA-49552,Claire Anderson,Corporate,United States,Greenville,New Hampshire,77697,East,TEC-PH-36389085,Technology,Phones,Cisco Unified IP Phone,78
819,AR-2018-941213,May,5/23/2018,5/28/2018,5,2018,Standard Class,SJ-80266,Sean Johnson,Consumer,United States,Greenville,Kentucky,51132,South,TEC-PH-70818984,Technology,Phones,Android Smartphone,56
820,MI-2019-527686,Feb,2/24/2019,2/25/2019,1,2019,First Class,JM-97891,James Martinez,Consumer,United States,Fairview,Oklahoma,48302,South,OFF-PA-49701886,Office Supplies,Paper,Recycled Printer Paper,35
821,WY-2015-674457,Mar,3/15/2015,3/18/2015,3,2015,Standard Class,WL-93705,William Lee,Consumer,United States,Springfield,North Dakota,61058,Central,TEC-CO-88685224,Technology,Copiers,Canon imageCLASS Copier,42
822,IN-2018-563445,Mar,3/14/2018,3/18/2018,4,2018,Standard Class,WA-29755,William Anderson,Consumer,United States,Greenville,Wyoming,33096,West,TEC-CO-70784484,Technology,Copiers,HP OfficeJet Pro,38
823,MI-2015-865932,Jun,6/1/2015,6/4/2015,3,2015,Standard Class,EG-42398,Emily Garcia,Corporate,United States,Springfield,Minnesota,60823,Central,OFF-BI-21327772,Office Supplies,Binders,Avery Durable Ring Binders,27
824,MO-2018-488223,Jul,7/24/2018,7/27/2018,3,2018,Standard Class,LM-55002,Laura Martin,Consumer,United States,Pittsburgh,Pennsylvania,81770,East,TEC-CO-42691435,Technology,Copiers,Brother Laser Copier,70
825,NE-2018-837753,Dec,12/10/2018,12/16/2018,6,2018,Standard Class,RG-31078,Robert Gute,Corporate,United States,Chandler,Arizona,95556,West,FUR-BO-30101850,Furniture,Bookcases,Ikea Billy Bookcase,58
826,TE-2015-819418,Nov,11/27/2015,11/27/2015,0,2015,Same Day,CM-30464,Claire Moore,Consumer,United States,Fairview,Maryland,91156,East,FUR-BO-57790509,Furniture,Bookcases,Bush Somerset Collection Bookcase,35
827,KE-2018-965696,Dec,12/12/2018,12/18/2018,6,2018,Standard Class,EM-74195,Emily Moore,Consumer,United States,Springfield,Utah,43545,West,OFF-ST-44054883,Office Supplies,Storage,Fellowes Bankers Box,59
828,WI-2019-324028,Nov,11/17/2019,11/22/2019,5,2019,Standard Class,JG-60665,Jessica Gute,Consumer,United States,Fairview,Utah,93078,West,TEC-PH-53240446,Technology,Phones,Android Smartphone,51
829,IN-2019-738656,Jan,1/9/2019,1/12/2019,3,2019,Second Class,RB-77042,Robert Brown,Consumer,United States,Riverside,South Dakota,42926,Central,TEC-CO-78686881,Technology,Copiers,Brother Laser Copier,39
830,UT-2015-781226,Sep,9/5/2015,9/8/2015,3,2015,Standard Class,JL-39805,James Lee,Consumer,United States,Springfield,Virginia,80468,East,FUR-BO-34661887,Furniture,Bookcases,Ikea Billy Bookcase,45
831,IL-2016-942649,Jun,6/24/2016,6/26/2016,2,2016,Second Class,EM-16999,Emily Moore,Home Office,United States,Riverside,Maine,86765,East,TEC-PH-58372724,Technology,Phones,Android Smartphone,23
832,NE-2016-916211,Feb,2/14/2016,2/20/2016,6,2016,Standard Class,JT-53499,James Taylor,Consumer,United States,Colorado Springs,Colorado,23491,West,TEC-PH-40164512,Technology,Phones,Android Smartphone,61
833,VE-2017-616172,Mar,3/17/2017,3/18/2017,1,2017,First Class,JJ-79284,Jessica Jackson,Home Office,United States,Dallas,Texas,65806,South,FUR-BO-80646476,Furniture,Bookcases,Sauder Classic Bookcase,16
834,IO-2015-621237,Mar,3/28/2015,4/1/2015,4,2015,Standard Class,MG-69258,Michael Gute,Consumer,United States,Springfield,Minnesota,16363,Central,TEC-AC-67558296,Technology,Accessories,Logitech Wireless Mouse,29
835,AL-2019-250561,Jan,1/28/2019,2/2/2019,5,2019,Standard Class,WM-98405,William Miller,Consumer,United States,Toledo,Ohio,57747,Central,OFF-BI-10765425,Office Supplies,Binders,Cardinal Heavyweight Binders,10
836,SO-2018-977465,Oct,10/26/2018,10/28/2018,2,2018,Second Class,KA-29559,Karen Anderson,Consumer,United States,Colorado Springs,Colorado,59755,West,TEC-PH-69404620,Technology,Phones,Cisco Unified IP Phone,48
837,AL-2019-329515,Nov,11/6/2019,11/7/2019,1,2019,First Class,SM-41892,Sean Miller,Consumer,United States,Riverside,Idaho,10121,West,TEC-PH-25314580,Technology,Phones,Apple iPhone 8,139
838,RH-2015-752261,Dec,12/18/2015,12/21/2015,3,2015,Standard Class,CD-39227,Claire Davis,Corporate,United States,Fairview,Idaho,32881,West,TEC-PH-75202640,Technology,Phones,Cisco Unified IP Phone,49
839,FL-2015-816214,Dec,12/27/2015,12/30/2015,3,2015,Second Class,RW-37758,Robert Wilson,Home Office,United States,Portland,Oregon,13237,West,TEC-AC-61060479,Technology,Accessories,Noise Cancelling Headphones,78
840,OK-2019-497093,Jul,7/12/2019,7/18/2019,6,2019,Standard Class,KM-37158,Karen Miller,Corporate,United States,Raleigh,North Carolina,58955,South,TEC-PH-46133440,Technology,Phones,Cisco Unified IP Phone,217
841,MI-2016-290074,Feb,2/3/2016,2/8/2016,5,2016,Standard Class,LM-53722,Linda Martin,Corporate,United States,Riverside,Delaware,80465,East,TEC-PH-72465977,Technology,Phones,Apple iPhone 8,68
842,CO-2018-270064,May,5/25/2018,5/29/2018,4,2018,Standard Class,LM-21308,Linda Martinez,Consumer,United States,Fairview,Iowa,63089,Central,TEC-AC-87093394,Technology,Accessories,Logitech Wireless Mouse,33
843,OR-2019-870845,Jul,7/15/2019,7/18/2019,3,2019,Second Class,LD-65118,Laura Davis,Consumer,United States,Greenville,South Carolina,69155,South,FUR-BO-80086933,Furniture,Bookcases,Bush Somerset Collection Bookcase,27
844,AR-2015-559680,Mar,3/17/2015,3/23/2015,6,2015,Standard Class,DL-76013,Daniel Lee,Corporate,United States,Columbus,Georgia,29943,South,TEC-AC-59084134,Technology,Accessories,Logitech Wireless Mouse,53
845,WA-2015-181123,Aug,8/28/2015,8/31/2015,3,2015,Second Class,RB-36812,Robert Brown,Consumer,United States,Greenville,New Jersey,72706,East,OFF-PA-75042488,Office Supplies,Paper,Premium Photo Paper,23
846,UT-2015-745316,Sep,9/19/2015,9/23/2015,4,2015,Standard Class,SJ-21173,Sarah Johnson,Consumer,United States,Riverside,Rhode Island,10337,East,OFF-PA-47252309,Office Supplies,Paper,Hammermill Copy Paper,24
847,NE-2015-325153,Nov,11/13/2015,11/14/2015,1,2015,First Class,JB-67692,James Brown,Home Office,United States,Riverside,Connecticut,87261,East,TEC-AC-81012350,Technology,Accessories,Logitech Wireless Mouse,96
848,KE-2015-888754,Dec,12/12/2015,12/13/2015,1,2015,First Class,SM-66310,Sarah Moore,Home Office,United States,Salem,Oregon,10458,West,FUR-CH-84614669,Furniture,Chairs,Ergonomic Mesh Task Chair,74
849,NO-2019-378614,Feb,2/12/2019,2/16/2019,4,2019,Standard Class,SM-94901,Sarah Moore,Corporate,United States,Dallas,Texas,61240,South,FUR-TA-22356445,Furniture,Tables,Adjustable Height Table,15
850,OH-2018-280243,Feb,2/4/2018,2/9/2018,5,2018,Standard Class,CT-25695,Claire Thomas,Consumer,United States,Toledo,Ohio,50042,Central,TEC-AC-31422822,Technology,Accessories,Noise Cancelling Headphones,32
851,KE-2019-176372,Nov,11/24/2019,11/28/2019,4,2019,Standard Class,JG-32209,James Gute,Home Office,United States,Greenville,Delaware,81626,East,FUR-CH-34298986,Furniture,Chairs,Ergonomic Mesh Task Chair,30
852,SO-2019-560377,Mar,3/26/2019,3/27/2019,1,2019,First Class,SW-10385,Susan Wilson,Consumer,United States,Fairview,Indiana,27545,Central,OFF-PA-24947354,Office Supplies,Paper,Recycled Printer Paper,47
853,NO-2019-505663,Jan,1/9/2019,1/14/2019,5,2019,Standard Class,CM-97448,Claire Martinez,Consumer,United States,Greenville,South Dakota,63027,Central,FUR-CH-45328150,Furniture,Chairs,Global Deluxe Stacking Chair,79
854,WY-2016-776180,Sep,9/10/2016,9/13/2016,3,2016,Standard Class,RG-69209,Robert Garcia,Consumer,United States,Bellevue,Washington,92991,West,FUR-CH-27372988,Furniture,Chairs,Ergonomic Mesh Task Chair,201
855,MI-2016-518141,Sep,9/27/2016,9/30/2016,3,2016,Standard Class,RD-62968,Robert Davis,Home Office,United States,Fairview,Minnesota,14115,Central,TEC-CO-63598537,Technology,Copiers,Canon imageCLASS Copier,40
856,DI-2019-409434,Jan,1/1/2019,1/4/2019,3,2019,Second Class,CJ-70649,Claire Johnson,Home Office,United States,Greenville,Kentucky,62521,South,FUR-BO-19145389,Furniture,Bookcases,Bush Somerset Collection Bookcase,31
857,RH-2016-335489,Dec,12/16/2016,12/20/2016,4,2016,Standard Class,EG-21199,Emily Gute,Corporate,United States,Springfield,South Dakota,57680,Central,TEC-AC-34292723,Technology,Accessories,Logitech Wireless Mouse,75
858,PE-2015-350331,Jul,7/14/2015,7/18/2015,4,2015,Standard Class,LB-12038,Laura Brown,Consumer,United States,Springfield,Wisconsin,36081,Central,FUR-CH-69896857,Furniture,Chairs,Global Deluxe Stacking Chair,26
859,WA-2018-935062,Jun,6/21/2018,6/21/2018,0,2018,Same Day,SM-50624,Sarah Martinez,Consumer,United States,Tucson,Arizona,50891,West,TEC-AC-45869060,Technology,Accessories,USB-C Hub,49
860,HA-2019-248570,Jul,7/5/2019,7/10/2019,5,2019,Standard Class,JB-61523,James Brown,Consumer,United States,Riverside,South Dakota,85544,Central,TEC-PH-47931646,Technology,Phones,Android Smartphone,41
861,MO-2019-989357,Aug,8/21/2019,8/22/2019,1,2019,First Class,SW-28717,Sarah Wilson,Home Office,United States,Fairview,North Dakota,76178,Central,FUR-BO-81813271,Furniture,Bookcases,Ikea Billy Bookcase,8
862,RH-2019-394227,Feb,2/11/2019,2/15/2019,4,2019,Standard Class,DT-21016,Daniel Thomas,Consumer,United States,Greenville,Virginia,77365,East,TEC-CO-98606038,Technology,Copiers,Canon imageCLASS Copier,57
863,MA-2015-179551,Oct,10/19/2015,10/25/2015,6,2015,Standard Class,WA-20708,William Anderson,Consumer,United States,Cleveland,Ohio,70995,Central,FUR-BO-60856099,Furniture,Bookcases,Ikea Billy Bookcase,36
864,MA-2018-323821,Feb,2/2/2018,2/3/2018,1,2018,First Class,JM-97678,James Miller,Corporate,United States,Fairview,Wisconsin,53011,Central,OFF-ST-17116045,Office Supplies,Storage,Plastic Stackable Storage,71
865,OK-2019-152572,Jul,7/14/2019,7/16/2019,2,2019,Second Class,DG-34155,Daniel Garcia,Consumer,United States,Riverside,Idaho,36390,West,TEC-CO-19261267,Technology,Copiers,Brother Laser Copier,53
866,NE-2018-811026,Dec,12/16/2018,12/19/2018,3,2018,Second Class,ET-77797,Emily Thomas,Home Office,United States,New York City,New York,85343,East,FUR-TA-60048936,Furniture,Tables,Conference Room Table,19
867,LO-2019-561297,Dec,12/7/2019,12/10/2019,3,2019,Standard Class,SM-99363,Susan Martinez,Consumer,United States,Riverside,Oklahoma,21082,South,TEC-PH-54433734,Technology,Phones,Apple iPhone 8,45
868,AL-2019-403287,Jun,6/5/2019,6/9/2019,4,2019,Standard Class,MT-25494,Michael Thomas,Home Office,United States,Raleigh,North Carolina,33552,South,TEC-PH-17332246,Technology,Phones,Android Smartphone,15
869,AL-2017-695843,Jul,7/6/2017,7/11/2017,5,2017,Standard Class,LS-36785,Laura Smith,Consumer,United States,Albany,New York,94761,East,TEC-PH-15997416,Technology,Phones,Apple iPhone 8,26
870,PE-2015-667581,Jun,6/11/2015,6/17/2015,6,2015,Standard Class,KB-25311,Karen Brown,Consumer,United States,Riverside,Maine,49669,East,FUR-CH-55562102,Furniture,Chairs,Global Deluxe Stacking Chair,58
871,IO-2017-945883,Mar,3/3/2017,3/6/2017,3,2017,Standard Class,DG-98516,Daniel Gute,Consumer,United States,Springfield,Alabama,32222,South,OFF-PA-23728931,Office Supplies,Paper,Hammermill Copy Paper,29
872,DE-2016-965133,Jul,7/28/2016,8/2/2016,5,2016,Standard Class,CB-93688,Claire Brown,Consumer,United States,Springfield,Wyoming,81053,West,TEC-AC-37167846,Technology,Accessories,Logitech Wireless Mouse,92
873,MA-2015-712614,Mar,3/13/2015,3/16/2015,3,2015,Standard Class,WM-76951,William Miller,Corporate,United States,New York City,New York,70975,East,TEC-AC-11349436,Technology,Accessories,Noise Cancelling Headphones,16
874,IO-2015-836033,Mar,3/25/2015,3/28/2015,3,2015,Standard Class,SJ-50606,Sean Jackson,Consumer,United States,Sacramento,California,37713,West,FUR-TA-36716732,Furniture,Tables,Bretford CR4500 Series Slim Rectangular Table,34
875,CO-2018-813181,May,5/28/2018,6/3/2018,6,2018,Standard Class,LJ-22702,Laura Johnson,Consumer,United States,Riverside,Alaska,89119,West,OFF-ST-46092708,Office Supplies,Storage,Plastic Stackable Storage,25
876,DE-2017-542172,Mar,3/3/2017,3/8/2017,5,2017,Standard Class,LT-91987,Linda Taylor,Corporate,United States,Fairview,Minnesota,50395,Central,FUR-CH-61395823,Furniture,Chairs,Global Deluxe Stacking Chair,71
877,VI-2017-734011,Jul,7/20/2017,7/21/2017,1,2017,First Class,ED-61949,Emily Davis,Consumer,United States,Springfield,Maryland,48475,East,TEC-CO-22030032,Technology,Copiers,Brother Laser Copier,79
878,WI-2018-170433,Dec,12/27/2018,12/29/2018,2,2018,Second Class,KJ-43759,Karen Johnson,Corporate,United States,Greenville,South Carolina,69700,South,FUR-TA-53064167,Furniture,Tables,Bretford CR4500 Series Slim Rectangular Table,58
879,AR-2017-782218,Nov,11/20/2017,11/25/2017,5,2017,Standard Class,JG-40234,Jessica Gute,Corporate,United States,Springfield,Mississippi,57388,South,TEC-PH-22295035,Technology,Phones,Cisco Unified IP Phone,134
880,UT-2018-965648,May,5/13/2018,5/15/2018,2,2018,Second Class,MM-21040,Michael Miller,Consumer,United States,Riverside,Mississippi,16960,South,FUR-TA-31166983,Furniture,Tables,Bretford CR4500 Series Slim Rectangular Table,32
881,IO-2015-176477,Feb,2/13/2015,2/14/2015,1,2015,First Class,KM-41041,Karen Miller,Corporate,United States,Greenville,South Dakota,28112,Central,OFF-ST-17417156,Office Supplies,Storage,Plastic Stackable Storage,74
882,VI-2019-852503,May,5/2/2019,5/6/2019,4,2019,Standard Class,RM-18888,Robert Moore,Consumer,United States,Fairview,Kansas,47470,Central,OFF-ST-48292081,Office Supplies,Storage,Desktop File Organizer,18
883,PE-2017-939681,Mar,3/17/2017,3/21/2017,4,2017,Standard Class,JM-48571,John Miller,Consumer,United States,Riverside,Virginia,92440,East,FUR-TA-87593976,Furniture,Tables,Adjustable Height Table,21
884,NE-2015-303569,May,5/28/2015,6/1/2015,4,2015,Standard Class,KT-49804,Karen Taylor,Consumer,United States,Springfield,South Carolina,33026,South,TEC-AC-82264940,Technology,Accessories,USB-C Hub,83
885,DE-2019-572329,Jun,6/28/2019,7/4/2019,6,2019,Standard Class,JS-14784,James Smith,Home Office,United States,Tucson,Arizona,87154,West,TEC-AC-31051877,Technology,Accessories,Noise Cancelling Headphones,21
886,KA-2018-935071,Aug,8/2/2018,8/4/2018,2,2018,Second Class,CB-27367,Claire Brown,Corporate,United States,Greenville,Nebraska,50903,Central,TEC-AC-25839249,Technology,Accessories,Noise Cancelling Headphones,75
887,CO-2015-964202,Mar,3/22/2015,3/22/2015,0,2015,Same Day,SJ-97747,Sean Johnson,Corporate,United States,Riverside,Montana,92552,West,FUR-TA-59996671,Furniture,Tables,Adjustable Height Table,42
888,WE-2015-215094,Jul,7/10/2015,7/14/2015,4,2015,Standard Class,DG-92388,David Gute,Home Office,United States,Greenville,Maryland,71313,East,TEC-PH-61990375,Technology,Phones,Android Smartphone,101
889,GE-2015-414103,Jul,7/28/2015,7/31/2015,3,2015,Second Class,SD-39486,Susan Davis,Consumer,United States,Rochester,New York,98590,East,OFF-ST-43881931,Office Supplies,Storage,Fellowes Bankers Box,32
890,WI-2016-728329,May,5/2/2016,5/8/2016,6,2016,Standard Class,JT-74122,John Taylor,Home Office,United States,Springfield,Michigan,42648,Central,OFF-ST-52759502,Office Supplies,Storage,Plastic Stackable Storage,34
891,WA-2015-299402,Apr,4/28/2015,4/30/2015,2,2015,Second Class,JA-75476,Jessica Anderson,Corporate,United States,Riverside,Oklahoma,11880,South,OFF-PA-62714875,Office Supplies,Paper,Hammermill Copy Paper,45
892,KA-2018-392293,Oct,10/26/2018,10/29/2018,3,2018,Second Class,WD-19691,William Davis,Home Office,United States,Mesa,Arizona,86898,West,OFF-ST-39696581,Office Supplies,Storage,Plastic Stackable Storage,22
893,WA-2017-120961,Nov,11/4/2017,11/8/2017,4,2017,Standard Class,SG-67354,Sarah Garcia,Home Office,United States,Springfield,Michigan,82278,Central,FUR-CH-36960315,Furniture,Chairs,"Hon Deluxe Fabric Upholstered Stacking Chairs, Rounded Back",26
894,LO-2019-238169,Apr,4/2/2019,4/7/2019,5,2019,Standard Class,JL-22483,Jessica Lee,Home Office,United States,Fairview,Alaska,87445,West,OFF-BI-24483172,Office Supplies,Binders,Basic 3 Ring Binder,44
895,UT-2018-606095,Jan,1/26/2018,1/29/2018,3,2018,Second Class,LL-19860,Linda Lee,Consumer,United States,Riverside,Nevada,24145,West,FUR-CH-95589026,Furniture,Chairs,Global Deluxe Stacking Chair,39
896,ID-2018-687780,Dec,12/5/2018,12/5/2018,0,2018,Same Day,MJ-33516,Michael Jackson,Corporate,United States,Riverside,New Hampshire,15053,East,FUR-TA-76508376,Furniture,Tables,Conference Room Table,31
897,IL-2017-684019,Sep,9/17/2017,9/21/2017,4,2017,Standard Class,LG-87562,Linda Garcia,Home Office,United States,Columbus,Ohio,89954,Central,FUR-CH-97507272,Furniture,Chairs,"Hon Deluxe Fabric Upholstered Stacking Chairs, Rounded Back",38
898,VI-2015-800523,Jan,1/28/2015,1/31/2015,3,2015,Standard Class,DG-55844,Daniel Gute,Corporate,United States,Greenville,New Mexico,14170,West,FUR-CH-45447269,Furniture,Chairs,Ergonomic Mesh Task Chair,103
899,MI-2015-473752,Nov,11/18/2015,11/23/2015,5,2015,Standard Class,JJ-59498,John Johnson,Consumer,United States,Fairview,District of Columbia,18471,East,TEC-AC-28129120,Technology,Accessories,Logitech Wireless Mouse,41
900,WA-2018-346141,Sep,9/12/2018,9/14/2018,2,2018,Second Class,ST-83967,Sean Thomas,Home Office,United States,Orlando,Florida,97069,South,OFF-PA-80695147,Office Supplies,Paper,Premium Photo Paper,25
901,ID-2015-114022,Oct,10/14/2015,10/16/2015,2,2015,Second Class,SG-68960,Sean Garcia,Consumer,United States,Springfield,Maryland,67730,East,FUR-BO-12283165,Furniture,Bookcases,Bush Somerset Collection Bookcase,14
902,NE-2015-285966,Dec,12/2/2015,12/5/2015,3,2015,Second Class,CD-33230,Claire Davis,Consumer,United States,Greenville,South Carolina,89287,South,TEC-AC-33646782,Technology,Accessories,Logitech Wireless Mouse,52
903,NE-2016-381148,Mar,3/28/2016,3/30/2016,2,2016,Second Class,CT-50020,Claire Taylor,Corporate,United States,Fairview,Louisiana,72717,South,TEC-CO-93465426,Technology,Copiers,Canon imageCLASS Copier,79
904,VI-2019-260385,Apr,4/10/2019,4/11/2019,1,2019,First Class,DW-88822,David Wilson,Consumer,United States,Fairview,Delaware,19660,East,TEC-AC-99710184,Technology,Accessories,Noise Cancelling Headphones,88
905,NE-2017-118130,Oct,10/6/2017,10/7/2017,1,2017,First Class,LW-41694,Linda Wilson,Corporate,United States,Columbus,Ohio,77334,Central,TEC-AC-44513095,Technology,Accessories,USB-C Hub,57
906,CA-2018-241702,Jul,7/9/2018,7/14/2018,5,2018,Standard Class,JM-48396,John Moore,Consumer,United States,Riverside,Nebraska,56897,Central,TEC-CO-41128166,Technology,Copiers,HP OfficeJet Pro,94
907,CO-2017-699488,Mar,3/28/2017,3/31/2017,3,2017,Second Class,RJ-99104,Robert Johnson,Corporate,United States,Greenville,Connecticut,72212,East,OFF-ST-10514252,Office Supplies,Storage,Fellowes Bankers Box,51
908,OK-2015-666626,Mar,3/3/2015,3/6/2015,3,2015,Standard Class,DB-62655,Daniel Brown,Home Office,United States,Fairview,Maine,36455,East,TEC-CO-63266616,Technology,Copiers,Brother Laser Copier,103
909,WI-2016-942114,Sep,9/27/2016,10/1/2016,4,2016,Standard Class,JS-88726,John Smith,Consumer,United States,Greenville,New Jersey,97464,East,TEC-CO-41754681,Technology,Copiers,Brother Laser Copier,96
910,NE-2015-818350,Feb,2/20/2015,2/21/2015,1,2015,First Class,JM-43161,James Moore,Corporate,United States,Springfield,Montana,81167,West,FUR-TA-57016639,Furniture,Tables,Adjustable Height Table,102
911,GE-2018-610979,Jul,7/25/2018,7/28/2018,3,2018,Second Class,MG-75837,Michael Gute,Consumer,United States,Portland,Oregon,87509,West,TEC-AC-59400450,Technology,Accessories,Noise Cancelling Headphones,48
912,LO-2015-223800,Feb,2/28/2015,2/28/2015,0,2015,Same Day,EJ-88286,Emily Jackson,Home Office,United States,Riverside,Maryland,71899,East,TEC-AC-29300198,Technology,Accessories,Logitech Wireless Mouse,24
913,TE-2016-607664,Aug,8/26/2016,8/29/2016,3,2016,Standard Class,WJ-22625,William Jackson,Home Office,United States,Riverside,Oklahoma,64442,South,TEC-PH-75921475,Technology,Phones,Android Smartphone,79
914,AL-2019-155435,May,5/28/2019,6/1/2019,4,2019,Standard Class,KG-96069,Karen Garcia,Consumer,United States,Fairview,Alaska,82646,West,TEC-CO-15187351,Technology,Copiers,Canon imageCLASS Copier,85
915,NE-2017-487795,Aug,8/4/2017,8/8/2017,4,2017,Standard Class,DJ-63621,Daniel Jackson,Corporate,United States,Aurora,Colorado,59054,West,OFF-BI-17983077,Office Supplies,Binders,Cardinal Heavyweight Binders,85
916,MA-2017-451232,Dec,12/24/2017,12/30/2017,6,2017,Standard Class,LM-87373,Laura Moore,Corporate,United States,Fairview,New Jersey,10903,East,OFF-BI-78300859,Office Supplies,Binders,Cardinal Heavyweight Binders,71
917,SO-2017-485032,Apr,4/17/2017,4/20/2017,3,2017,Standard Class,JD-98632,John Davis,Corporate,United States,Riverside,Michigan,41057,Central,OFF-ST-77769512,Office Supplies,Storage,Desktop File Organizer,106
918,AR-2018-351843,May,5/17/2018,5/23/2018,6,2018,Standard Class,DJ-61959,David Jackson,Corporate,United States,Riverside,New Mexico,42806,West,TEC-PH-99302412,Technology,Phones,Cisco Unified IP Phone,77
919,MO-2016-717246,Dec,12/27/2016,12/31/2016,4,2016,Standard Class,JT-76830,James Thomas,Consumer,United States,Greenville,Alaska,71277,West,TEC-AC-62762403,Technology,Accessories,Noise Cancelling Headphones,61
920,OK-2018-856849,Mar,3/28/2018,3/29/2018,1,2018,First Class,WW-75824,William Wilson,Corporate,United States,Fairview,Utah,73737,West,TEC-AC-14311921,Technology,Accessories,Noise Cancelling Headphones,23
921,MI-2019-791664,Jun,6/22/2019,6/27/2019,5,2019,Standard Class,DM-39424,David Martin,Consumer,United States,Riverside,New Jersey,65848,East,TEC-PH-56983100,Technology,Phones,Cisco Unified IP Phone,64
922,NE-2017-664976,Oct,10/15/2017,10/20/2017,5,2017,Standard Class,MM-98753,Michael Martin,Consumer,United States,Riverside,Alaska,93867,West,TEC-CO-55338113,Technology,Copiers,Brother Laser Copier,38
923,UT-2017-584509,Jun,6/14/2017,6/16/2017,2,2017,Second Class,WD-95327,William Davis,Home Office,United States,Fairview,Louisiana,48910,South,FUR-CH-75169751,Furniture,Chairs,Global Deluxe Stacking Chair,45
924,IN-2015-127975,Nov,11/12/2015,11/18/2015,6,2015,Standard Class,ST-20105,Susan Taylor,Consumer,United States,Fairview,Alabama,61254,South,TEC-CO-11455891,Technology,Copiers,Brother Laser Copier,55
925,IL-2016-750639,Apr,4/11/2016,4/12/2016,1,2016,First Class,WT-64671,William Taylor,Corporate,United States,Greenville,Delaware,64752,East,FUR-BO-69515806,Furniture,Bookcases,Sauder Classic Bookcase,53
926,DE-2019-590484,Mar,3/12/2019,3/14/2019,2,2019,Second Class,RM-37641,Robert Moore,Consumer,United States,Phoenix,Arizona,92935,West,OFF-ST-59374312,Office Supplies,Storage,Fellowes Bankers Box,31
927,PE-2017-343666,Feb,2/3/2017,2/6/2017,3,2017,Standard Class,RW-76587,Robert Wilson,Home Office,United States,Chandler,Arizona,49611,West,FUR-BO-61489281,Furniture,Bookcases,Ikea Billy Bookcase,70
928,ID-2016-395057,Sep,9/3/2016,9/6/2016,3,2016,Second Class,EA-50351,Emily Anderson,Corporate,United States,Springfield,New Jersey,46238,East,OFF-ST-86435142,Office Supplies,Storage,Fellowes Bankers Box,6
929,OK-2017-942045,Jul,7/24/2017,7/27/2017,3,2017,Second Class,RM-45428,Robert Moore,Consumer,United States,Greenville,Connecticut,61939,East,OFF-BI-41311371,Office Supplies,Binders,Cardinal Heavyweight Binders,37
930,MI-2017-661925,Sep,9/14/2017,9/17/2017,3,2017,Second Class,DM-78615,Daniel Martin,Consumer,United States,Springfield,West Virginia,24269,East,FUR-BO-61020797,Furniture,Bookcases,Ikea Billy Bookcase,82
931,WI-2017-528320,Mar,3/28/2017,3/29/2017,1,2017,First Class,LW-35375,Linda Wilson,Consumer,United States,Cambridge,Massachusetts,50250,East,OFF-ST-35265339,Office Supplies,Storage,Desktop File Organizer,102
932,NE-2018-658828,Nov,11/19/2018,11/21/2018,2,2018,Second Class,LA-31726,Linda Anderson,Home Office,United States,Riverside,Delaware,42457,East,TEC-PH-94424768,Technology,Phones,Cisco Unified IP Phone,82
933,OK-2016-472367,Feb,2/1/2016,2/3/2016,2,2016,Second Class,EL-85023,Emily Lee,Corporate,United States,Philadelphia,Pennsylvania,47073,East,FUR-CH-61542522,Furniture,Chairs,Global Deluxe Stacking Chair,109
934,IN-2018-523163,Apr,4/5/2018,4/8/2018,3,2018,Standard Class,ST-59861,Sean Thomas,Consumer,United States,Riverside,West Virginia,40000,East,TEC-PH-11661904,Technology,Phones,Apple iPhone 8,59
935,PE-2017-361278,Nov,11/7/2017,11/9/2017,2,2017,Second Class,SW-77782,Sean Wilson,Corporate,United States,Riverside,Kansas,49428,Central,FUR-CH-45607111,Furniture,Chairs,Global Deluxe Stacking Chair,40
936,AR-2019-495867,Apr,4/28/2019,4/28/2019,0,2019,Same Day,SM-40189,Sarah Martinez,Consumer,United States,San Francisco,California,32951,West,FUR-CH-41996340,Furniture,Chairs,"Hon Deluxe Fabric Upholstered Stacking Chairs, Rounded Back",55
937,NE-2015-717032,Oct,10/7/2015,10/9/2015,2,2015,Second Class,WG-42359,William Gute,Consumer,United States,Fairview,Rhode Island,33013,East,FUR-CH-90695802,Furniture,Chairs,"Hon Deluxe Fabric Upholstered Stacking Chairs, Rounded Back",40
938,SO-2015-135947,May,5/16/2015,5/19/2015,3,2015,Second Class,DG-99881,Daniel Gute,Consumer,United States,Riverside,Iowa,40359,Central,OFF-ST-39625460,Office Supplies,Storage,Plastic Stackable Storage,21
939,NO-2017-815523,Aug,8/28/2017,8/31/2017,3,2017,Standard Class,JL-96588,Jessica Lee,Consumer,United States,Riverside,Missouri,37995,Central,TEC-AC-11657493,Technology,Accessories,Logitech Wireless Mouse,39
940,VE-2017-354681,Nov,11/28/2017,12/1/2017,3,2017,Second Class,WM-35358,William Martin,Corporate,United States,Fairview,Indiana,93180,Central,OFF-ST-71509889,Office Supplies,Storage,Plastic Stackable Storage,17
941,DE-2018-714303,Jan,1/8/2018,1/8/2018,0,2018,Same Day,JD-99534,John Davis,Home Office,United States,Greenville,West Virginia,46062,East,TEC-AC-30004627,Technology,Accessories,Logitech Wireless Mouse,73
942,KE-2017-678452,Jul,7/2/2017,7/5/2017,3,2017,Standard Class,MM-41226,Michael Martin,Home Office,United States,Fairview,Missouri,74405,Central,OFF-ST-79090997,Office Supplies,Storage,Fellowes Bankers Box,33
943,WE-2019-687364,May,5/5/2019,5/8/2019,3,2019,Standard Class,MA-72436,Michael Anderson,Home Office,United States,Springfield,District of Columbia,51080,East,TEC-AC-25808445,Technology,Accessories,Logitech Wireless Mouse,43
944,NE-2017-647315,Dec,12/2/2017,12/6/2017,4,2017,Standard Class,ES-45644,Emily Smith,Consumer,United States,Riverside,Indiana,70819,Central,TEC-CO-34656849,Technology,Copiers,HP OfficeJet Pro,38
945,CA-2015-963190,Feb,2/6/2015,2/9/2015,3,2015,Standard Class,RG-17078,Robert Gute,Consumer,United States,Springfield,New Jersey,10269,East,OFF-BI-27285289,Office Supplies,Binders,Cardinal Heavyweight Binders,45
946,MI-2015-557509,Feb,2/16/2015,2/18/2015,2,2015,Second Class,JG-46619,James Gute,Corporate,United States,Fairview,Vermont,20731,East,FUR-CH-32991721,Furniture,Chairs,Global Deluxe Stacking Chair,63
947,DI-2019-759086,May,5/28/2019,6/1/2019,4,2019,Standard Class,DB-54529,David Brown,Home Office,United States,Riverside,Idaho,92754,West,FUR-CH-75949103,Furniture,Chairs,"Hon Deluxe Fabric Upholstered Stacking Chairs, Rounded Back",20
948,MI-2015-734903,Apr,4/17/2015,4/22/2015,5,2015,Standard Class,ST-67075,Sean Taylor,Corporate,United States,Fairview,Maryland,50833,East,OFF-ST-45102548,Office Supplies,Storage,Plastic Stackable Storage,15
949,WE-2019-312640,Aug,8/19/2019,8/22/2019,3,2019,Second Class,LM-41572,Laura Moore,Consumer,United States,Springfield,Montana,13957,West,OFF-PA-64378241,Office Supplies,Paper,Premium Photo Paper,59
950,NE-2016-354974,Oct,10/7/2016,10/9/2016,2,2016,Second Class,CB-23074,Claire Brown,Corporate,United States,Riverside,Alaska,33075,West,FUR-CH-36726268,Furniture,Chairs,Global Deluxe Stacking Chair,17
951,WE-2015-481614,Jul,7/25/2015,7/27/2015,2,2015,Second Class,RS-92970,Robert Smith,Corporate,United States,Riverside,New Hampshire,71477,East,TEC-AC-11088766,Technology,Accessories,Noise Cancelling Headphones,74
952,VI-2016-349927,Nov,11/19/2016,11/21/2016,2,2016,Second Class,JL-92909,Jessica Lee,Home Office,United States,Greenville,Virginia,26701,East,TEC-CO-96786006,Technology,Copiers,Brother Laser Copier,140
953,GE-2018-430068,Aug,8/26/2018,8/28/2018,2,2018,Second Class,DG-23185,David Garcia,Corporate,United States,Tampa,Florida,91967,South,FUR-TA-38864000,Furniture,Tables,Bretford CR4500 Series Slim Rectangular Table,105
954,KE-2017-451864,Aug,8/28/2017,8/30/2017,2,2017,Second Class,EW-78924,Emily Wilson,Consumer,United States,Eugene,Oregon,13655,West,FUR-CH-60459204,Furniture,Chairs,Ergonomic Mesh Task Chair,62
955,VE-2018-643477,Feb,2/10/2018,2/12/2018,2,2018,Second Class,MT-35455,Michael Thomas,Consumer,United States,Fairview,Mississippi,81526,South,FUR-CH-81161388,Furniture,Chairs,Ergonomic Mesh Task Chair,61
956,NE-2018-297900,Feb,2/3/2018,2/8/2018,5,2018,Standard Class,SG-24474,Susan Garcia,Consumer,United States,Greenville,New Jersey,38304,East,OFF-BI-97069038,Office Supplies,Binders,Cardinal Heavyweight Binders,128
957,DI-2017-823861,Jun,6/7/2017,6/9/2017,2,2017,Second Class,JB-35203,John Brown,Consumer,United States,Springfield,Nebraska,36259,Central,TEC-AC-46118281,Technology,Accessories,Noise Cancelling Headphones,13
958,MO-2018-493782,May,5/14/2018,5/18/2018,4,2018,Standard Class,DB-72555,David Brown,Home Office,United States,Springfield,Missouri,76686,Central,OFF-ST-12194735,Office Supplies,Storage,Plastic Stackable Storage,25
959,MI-2019-735618,Aug,8/28/2019,9/1/2019,4,2019,Standard Class,SA-34239,Sarah Anderson,Corporate,United States,Durham,North Carolina,14194,South,FUR-BO-55542471,Furniture,Bookcases,Sauder Classic Bookcase,66
960,VE-2017-173298,Nov,11/12/2017,11/17/2017,5,2017,Standard Class,LJ-34941,Laura Johnson,Consumer,United States,Riverside,Utah,77720,West,OFF-PA-45846666,Office Supplies,Paper,Hammermill Copy Paper,27
961,WA-2015-522968,Apr,4/24/2015,4/25/2015,1,2015,First Class,LB-72730,Laura Brown,Consumer,United States,Greensboro,North Carolina,88415,South,FUR-BO-85587944,Furniture,Bookcases,Ikea Billy Bookcase,84
962,AR-2017-125397,Feb,2/16/2017,2/18/2017,2,2017,Second Class,CW-88186,Claire Wilson,Corporate,United States,Springfield,Nevada,72977,West,OFF-BI-52301140,Office Supplies,Binders,Cardinal Heavyweight Binders,32
963,MI-2019-708318,Jun,6/6/2019,6/9/2019,3,2019,Standard Class,SW-86411,Sarah Wilson,Corporate,United States,Nashville,Tennessee,90729,South,OFF-BI-54761406,Office Supplies,Binders,Cardinal Heavyweight Binders,36
964,WA-2016-409338,Aug,8/10/2016,8/12/2016,2,2016,Second Class,MD-16247,Michael Davis,Consumer,United States,Fairview,Iowa,18177,Central,OFF-ST-78758494,Office Supplies,Storage,Desktop File Organizer,28
965,AL-2019-954326,Mar,3/20/2019,3/23/2019,3,2019,Standard Class,ST-77623,Sarah Thomas,Home Office,United States,Riverside,Rhode Island,77428,East,OFF-PA-88727929,Office Supplies,Paper,Premium Photo Paper,24
966,IN-2017-391711,Mar,3/21/2017,3/23/2017,2,2017,Second Class,SS-69955,Sarah Smith,Consumer,United States,Fairview,Maine,37937,East,FUR-TA-11464766,Furniture,Tables,Conference Room Table,29
967,PE-2018-607424,Feb,2/13/2018,2/14/2018,1,2018,First Class,DJ-52882,David Johnson,Consumer,United States,Phoenix,Arizona,91715,West,FUR-BO-79659893,Furniture,Bookcases,Sauder Classic Bookcase,47
968,WA-2016-331648,Oct,10/7/2016,10/10/2016,3,2016,Second Class,JD-77783,James Davis,Consumer,United States,Springfield,Oklahoma,85841,South,OFF-BI-12039250,Office Supplies,Binders,Cardinal Heavyweight Binders,21
969,WY-2019-658100,Oct,10/22/2019,10/24/2019,2,2019,Second Class,RA-66384,Robert Anderson,Corporate,United States,Riverside,South Dakota,71667,Central,TEC-AC-37386084,Technology,Accessories,Logitech Wireless Mouse,94
970,MI-2015-520337,Nov,11/6/2015,11/9/2015,3,2015,Standard Class,DT-91391,Daniel Taylor,Corporate,United States,Augusta,Georgia,87227,South,TEC-CO-89169681,Technology,Copiers,HP OfficeJet Pro,78
971,MO-2016-433565,Sep,9/28/2016,10/3/2016,5,2016,Standard Class,MJ-66506,Michael Jackson,Home Office,United States,Springfield,South Dakota,99205,Central,FUR-BO-72137274,Furniture,Bookcases,Sauder Classic Bookcase,77
972,LO-2017-283320,Oct,10/6/2017,10/7/2017,1,2017,First Class,JB-47499,Jessica Brown,Consumer,United States,Miami,Florida,99914,South,OFF-ST-25479700,Office Supplies,Storage,Plastic Stackable Storage,17
973,WY-2017-200369,Oct,10/4/2017,10/6/2017,2,2017,Second Class,DB-35855,Daniel Brown,Home Office,United States,Fairview,Mississippi,86125,South,OFF-BI-54170608,Office Supplies,Binders,Avery Durable Ring Binders,12
974,AR-2017-207891,Aug,8/15/2017,8/18/2017,3,2017,Standard Class,LD-68013,Laura Davis,Corporate,United States,Springfield,New Hampshire,51482,East,FUR-CH-74971375,Furniture,Chairs,"Hon Deluxe Fabric Upholstered Stacking Chairs, Rounded Back",40
975,OH-2015-999135,Jul,7/16/2015,7/19/2015,3,2015,Standard Class,CM-86334,Claire Miller,Consumer,United States,Riverside,Kansas,95888,Central,FUR-TA-94360897,Furniture,Tables,Conference Room Table,226
976,MI-2016-471079,Jan,1/16/2016,1/22/2016,6,2016,Standard Class,WT-91015,William Taylor,Consumer,United States,New York City,New York,13283,East,TEC-AC-67088907,Technology,Accessories,Logitech Wireless Mouse,113
977,NE-2015-101736,Dec,12/14/2015,12/20/2015,6,2015,Standard Class,KJ-48449,Karen Jackson,Consumer,United States,Riverside,Oklahoma,14431,South,FUR-CH-23132663,Furniture,Chairs,"Hon Deluxe Fabric Upholstered Stacking Chairs, Rounded Back",28
978,MO-2017-957634,Apr,4/28/2017,5/3/2017,5,2017,Standard Class,LJ-48506,Linda Johnson,Home Office,United States,Greenville,Wisconsin,13449,Central,OFF-PA-80313212,Office Supplies,Paper,Recycled Printer Paper,43
979,MO-2016-117981,Feb,2/14/2016,2/19/2016,5,2016,Standard Class,JT-13934,John Taylor,Consumer,United States,Greenville,Vermont,57943,East,FUR-CH-73663159,Furniture,Chairs,Global Deluxe Stacking Chair,61
980,AR-2017-476727,Jul,7/15/2017,7/16/2017,1,2017,First Class,LG-38412,Laura Gute,Consumer,United States,Greenville,Minnesota,21398,Central,FUR-BO-33904734,Furniture,Bookcases,Sauder Classic Bookcase,17
981,DE-2017-745729,Dec,12/13/2017,12/18/2017,5,2017,Standard Class,JS-54110,Jessica Smith,Corporate,United States,Pittsburgh,Pennsylvania,50939,East,OFF-ST-84553630,Office Supplies,Storage,Plastic Stackable Storage,75
982,WE-2018-923138,Dec,12/3/2018,12/8/2018,5,2018,Standard Class,LM-12719,Linda Moore,Home Office,United States,Springfield,Wisconsin,19263,Central,TEC-PH-57938477,Technology,Phones,Android Smartphone,48
983,CO-2017-741596,Sep,9/18/2017,9/23/2017,5,2017,Standard Class,JW-16140,Jessica Wilson,Corporate,United States,Fairview,Rhode Island,76333,East,FUR-BO-36404989,Furniture,Bookcases,Bush Somerset Collection Bookcase,38
984,TE-2018-517262,Mar,3/7/2018,3/13/2018,6,2018,Standard Class,DM-71360,Daniel Martinez,Corporate,United States,Riverside,New Jersey,17812,East,TEC-AC-17308787,Technology,Accessories,Logitech Wireless Mouse,54
985,PE-2017-976996,Sep,9/20/2017,9/21/2017,1,2017,First Class,ML-76235,Michael Lee,Consumer,United States,Charlotte,North Carolina,69042,South,TEC-PH-73352937,Technology,Phones,Cisco Unified IP Phone,105
986,AL-2018-135387,Aug,8/2/2018,8/7/2018,5,2018,Standard Class,SS-29475,Sarah Smith,Home Office,United States,Fairview,Nevada,81290,West,TEC-PH-29550937,Technology,Phones,Android Smartphone,34
987,OH-2018-988201,Aug,8/28/2018,8/30/2018,2,2018,Second Class,JM-28161,Jessica Moore,Consumer,United States,Fairview,North Dakota,42654,Central,FUR-TA-27865177,Furniture,Tables,Bretford CR4500 Series Slim Rectangular Table,14
988,AR-2016-864451,Jan,1/15/2016,1/16/2016,1,2016,First Class,ST-72702,Susan Taylor,Consumer,United States,Springfield,New Mexico,33984,West,OFF-BI-57155730,Office Supplies,Binders,Cardinal Heavyweight Binders,40
989,LO-2016-936036,Jun,6/27/2016,7/1/2016,4,2016,Standard Class,JT-95794,James Taylor,Home Office,United States,Riverside,Alaska,52410,West,FUR-CH-61065777,Furniture,Chairs,"Hon Deluxe Fabric Upholstered Stacking Chairs, Rounded Back",12
990,NE-2018-329294,Apr,4/15/2018,4/18/2018,3,2018,Second Class,SL-31418,Susan Lee,Consumer,United States,Riverside,Montana,17078,West,FUR-TA-60593173,Furniture,Tables,Bretford CR4500 Series Slim Rectangular Table,33
991,WE-2016-228212,Sep,9/2/2016,9/2/2016,0,2016,Same Day,CT-69557,Claire Taylor,Consumer,United States,Riverside,Utah,51277,West,FUR-TA-95917334,Furniture,Tables,Adjustable Height Table,81
992,LO-2017-696983,Oct,10/25/2017,10/29/2017,4,2017,Standard Class,SJ-27168,Sean Johnson,Corporate,United States,Greenville,Idaho,48112,West,FUR-TA-88417586,Furniture,Tables,Adjustable Height Table,56
993,RH-2015-564272,Sep,9/20/2015,9/23/2015,3,2015,Standard Class,JG-36009,John Garcia,Consumer,United States,Springfield,Louisiana,72745,South,FUR-CH-17642530,Furniture,Chairs,Global Deluxe Stacking Chair,74
994,NE-2017-570850,Sep,9/24/2017,9/25/2017,1,2017,First Class,JJ-60568,James Johnson,Consumer,United States,Atlanta,Georgia,91815,South,FUR-CH-47743578,Furniture,Chairs,Ergonomic Mesh Task Chair,58
995,LO-2017-932156,Nov,11/13/2017,11/14/2017,1,2017,First Class,KD-84320,Karen Davis,Corporate,United States,Cleveland,Ohio,80607,Central,TEC-CO-25862334,Technology,Copiers,Canon imageCLASS Copier,225
996,FL-2018-658072,Jun,6/20/2018,6/26/2018,6,2018,Standard Class,LG-51733,Linda Gute,Corporate,United States,Tacoma,Washington,51837,West,TEC-AC-72721773,Technology,Accessories,Logitech Wireless Mouse,37
997,SO-2017-379957,Mar,3/26/2017,3/29/2017,3,2017,Second Class,SD-65532,Sean Davis,Corporate,United States,Knoxville,Tennessee,26444,South,OFF-BI-40277001,Office Supplies,Binders,Avery Durable Ring Binders,42
998,OR-2016-460059,Oct,10/19/2016,10/24/2016,5,2016,Standard Class,JL-38095,John Lee,Consumer,United States,Springfield,Michigan,78965,Central,TEC-CO-74316884,Technology,Copiers,Brother Laser Copier,41
999,TE-2019-220146,Apr,4/11/2019,4/12/2019,1,2019,First Class,MB-43658,Michael Brown,Corporate,United States,Greenville,West Virginia,87571,East,FUR-TA-92067233,Furniture,Tables,Bretford CR4500 Series Slim Rectangular Table,71
1000,IL-2017-273082,Jun,6/20/2017,6/24/2017,4,2017,Standard Class,SM-13675,Sarah Miller,Home Office,United States,Orlando,Florida,42222,South,OFF-BI-17172628,Office Supplies,Binders,Cardinal Heavyweight Binders,32